año,provincia,ha_total,ha_bosque_nativo,fuente
1993,Buenos Aires,,,bqd_bninc_ha_año_2023
1993,Catamarca,,,bqd_bninc_ha_año_2023
1993,Chaco,,,bqd_bninc_ha_año_2023
1993,Chubut,150,10,bqd_bninc_ha_año_2023
1993,Corrientes,1727,,bqd_bninc_ha_año_2023
1993,Córdoba,232941,59995,bqd_bninc_ha_año_2023
1993,Entre Ríos,75,75,bqd_bninc_ha_año_2023
1993,Formosa,31,,bqd_bninc_ha_año_2023
1993,Jujuy,,,bqd_bninc_ha_año_2023
1993,La Pampa,1207510,1207510,bqd_bninc_ha_año_2023
1993,La Rioja,,,bqd_bninc_ha_año_2023
1993,Mendoza,,,bqd_bninc_ha_año_2023
1993,Misiones,,,bqd_bninc_ha_año_2023
1993,Neuquén,341,282,bqd_bninc_ha_año_2023
1993,Río Negro,111,108,bqd_bninc_ha_año_2023
1993,Salta,,,bqd_bninc_ha_año_2023
1993,San Juan,,,bqd_bninc_ha_año_2023
1993,San Luis,330147,,bqd_bninc_ha_año_2023
1993,Santa Cruz,6351,727,bqd_bninc_ha_año_2023
1993,Santa Fe,,,bqd_bninc_ha_año_2023
1993,Santiago del Estero,13000,9100,bqd_bninc_ha_año_2023
1993,Tierra del Fuego,28,28,bqd_bninc_ha_año_2023
1993,Tucumán,4412,3703,bqd_bninc_ha_año_2023
1994,Buenos Aires,,,bqd_bninc_ha_año_2023
1994,Catamarca,,,bqd_bninc_ha_año_2023
1994,Chaco,,,bqd_bninc_ha_año_2023
1994,Chubut,3297,2158,bqd_bninc_ha_año_2023
1994,Corrientes,140,,bqd_bninc_ha_año_2023
1994,Córdoba,240196,187812,bqd_bninc_ha_año_2023
1994,Entre Ríos,91,91,bqd_bninc_ha_año_2023
1994,Formosa,9,,bqd_bninc_ha_año_2023
1994,Jujuy,,,bqd_bninc_ha_año_2023
1994,La Pampa,621840,167890,bqd_bninc_ha_año_2023
1994,La Rioja,47150,10600,bqd_bninc_ha_año_2023
1994,Mendoza,,,bqd_bninc_ha_año_2023
1994,Misiones,,,bqd_bninc_ha_año_2023
1994,Neuquén,18050,0,bqd_bninc_ha_año_2023
1994,Río Negro,3271,3063,bqd_bninc_ha_año_2023
1994,Salta,,,bqd_bninc_ha_año_2023
1994,San Juan,,,bqd_bninc_ha_año_2023
1994,San Luis,25513,,bqd_bninc_ha_año_2023
1994,Santa Cruz,1684,43,bqd_bninc_ha_año_2023
1994,Santa Fe,,,bqd_bninc_ha_año_2023
1994,Santiago del Estero,50000,35000,bqd_bninc_ha_año_2023
1994,Tierra del Fuego,320,68,bqd_bninc_ha_año_2023
1994,Tucumán,65,,bqd_bninc_ha_año_2023
1995,Buenos Aires,3000,,bqd_bninc_ha_año_2023
1995,Catamarca,,,bqd_bninc_ha_año_2023
1995,Chaco,,,bqd_bninc_ha_año_2023
1995,Chubut,3073,983,bqd_bninc_ha_año_2023
1995,Corrientes,7899,,bqd_bninc_ha_año_2023
1995,Córdoba,300639,122260,bqd_bninc_ha_año_2023
1995,Entre Ríos,2269,,bqd_bninc_ha_año_2023
1995,Formosa,500,500,bqd_bninc_ha_año_2023
1995,Jujuy,,,bqd_bninc_ha_año_2023
1995,La Pampa,148720,148720,bqd_bninc_ha_año_2023
1995,La Rioja,4514,2,bqd_bninc_ha_año_2023
1995,Mendoza,,,bqd_bninc_ha_año_2023
1995,Misiones,,,bqd_bninc_ha_año_2023
1995,Neuquén,20354,1125,bqd_bninc_ha_año_2023
1995,Río Negro,9732,123,bqd_bninc_ha_año_2023
1995,Salta,660,255,bqd_bninc_ha_año_2023
1995,San Juan,,,bqd_bninc_ha_año_2023
1995,San Luis,196312,75311,bqd_bninc_ha_año_2023
1995,Santa Cruz,5695,,bqd_bninc_ha_año_2023
1995,Santa Fe,,,bqd_bninc_ha_año_2023
1995,Santiago del Estero,27294,13919,bqd_bninc_ha_año_2023
1995,Tierra del Fuego,216,3,bqd_bninc_ha_año_2023
1995,Tucumán,69,23,bqd_bninc_ha_año_2023
1996,Buenos Aires,950,,bqd_bninc_ha_año_2023
1996,Catamarca,148709,68728,bqd_bninc_ha_año_2023
1996,Chaco,6184,2540,bqd_bninc_ha_año_2023
1996,Chubut,11457,9640,bqd_bninc_ha_año_2023
1996,Corrientes,6981,,bqd_bninc_ha_año_2023
1996,Córdoba,49812,43325,bqd_bninc_ha_año_2023
1996,Entre Ríos,1556,449,bqd_bninc_ha_año_2023
1996,Formosa,4530,,bqd_bninc_ha_año_2023
1996,Jujuy,1980,1800,bqd_bninc_ha_año_2023
1996,La Pampa,20600,20600,bqd_bninc_ha_año_2023
1996,La Rioja,975,770,bqd_bninc_ha_año_2023
1996,Mendoza,6615,2500,bqd_bninc_ha_año_2023
1996,Misiones,5305,2430,bqd_bninc_ha_año_2023
1996,Neuquén,70258,10,bqd_bninc_ha_año_2023
1996,Río Negro,33743,3337,bqd_bninc_ha_año_2023
1996,Salta,2391,815,bqd_bninc_ha_año_2023
1996,San Luis,15370,15370,bqd_bninc_ha_año_2023
1996,Santa Cruz,2856,39,bqd_bninc_ha_año_2023
1996,Santa Fe,49038,465,bqd_bninc_ha_año_2023
1996,Santiago del Estero,1750,1500,bqd_bninc_ha_año_2023
1996,Tierra del Fuego,105,93,bqd_bninc_ha_año_2023
1996,Tucumán,32,,bqd_bninc_ha_año_2023
1997,Buenos Aires,3902,489,bqd_bninc_ha_año_2023
1997,Catamarca,45900,,bqd_bninc_ha_año_2023
1997,Chaco,7660,2711,bqd_bninc_ha_año_2023
1997,Chubut,3622,151,bqd_bninc_ha_año_2023
1997,Corrientes,424,58,bqd_bninc_ha_año_2023
1997,Córdoba,39517,22213,bqd_bninc_ha_año_2023
1997,Entre Ríos,857,163,bqd_bninc_ha_año_2023
1997,Formosa,2686,,bqd_bninc_ha_año_2023
1997,Jujuy,274,,bqd_bninc_ha_año_2023
1997,La Pampa,31780,31770,bqd_bninc_ha_año_2023
1997,La Rioja,25003,,bqd_bninc_ha_año_2023
1997,Mendoza,4100,2450,bqd_bninc_ha_año_2023
1997,Misiones,2160,54,bqd_bninc_ha_año_2023
1997,Neuquén,17280,40,bqd_bninc_ha_año_2023
1997,Río Negro,10482,5154,bqd_bninc_ha_año_2023
1997,Salta,40185,23694,bqd_bninc_ha_año_2023
1997,San Juan,439,,bqd_bninc_ha_año_2023
1997,San Luis,6436,2112,bqd_bninc_ha_año_2023
1997,Santa Cruz,21381,,bqd_bninc_ha_año_2023
1997,Santa Fe,492,40,bqd_bninc_ha_año_2023
1997,Santiago del Estero,8000,500,bqd_bninc_ha_año_2023
1997,Tierra del Fuego,148,23,bqd_bninc_ha_año_2023
1997,Tucumán,1321,,bqd_bninc_ha_año_2023
1998,Buenos Aires,38971,401,bqd_bninc_ha_año_2023
1998,Catamarca,2100,500,bqd_bninc_ha_año_2023
1998,Chaco,14726,,bqd_bninc_ha_año_2023
1998,Chubut,7672,4045,bqd_bninc_ha_año_2023
1998,Corrientes,315,,bqd_bninc_ha_año_2023
1998,Córdoba,20504,8817,bqd_bninc_ha_año_2023
1998,Entre Ríos,461,8,bqd_bninc_ha_año_2023
1998,Formosa,711,,bqd_bninc_ha_año_2023
1998,Jujuy,499,449,bqd_bninc_ha_año_2023
1998,La Pampa,389740,137265,bqd_bninc_ha_año_2023
1998,La Rioja,21012,1802,bqd_bninc_ha_año_2023
1998,Mendoza,111460,12403,bqd_bninc_ha_año_2023
1998,Misiones,5514,286,bqd_bninc_ha_año_2023
1998,Neuquén,12393,68,bqd_bninc_ha_año_2023
1998,Río Negro,82699,9384,bqd_bninc_ha_año_2023
1998,Salta,23042,14024,bqd_bninc_ha_año_2023
1998,San Juan,264,,bqd_bninc_ha_año_2023
1998,San Luis,146637,87015,bqd_bninc_ha_año_2023
1998,Santa Cruz,3483,,bqd_bninc_ha_año_2023
1998,Santa Fe,535,,bqd_bninc_ha_año_2023
1998,Santiago del Estero,2709,940,bqd_bninc_ha_año_2023
1998,Tierra del Fuego,534,53,bqd_bninc_ha_año_2023
1999,Buenos Aires,41574,1028,bqd_bninc_ha_año_2023
1999,Catamarca,1300,,bqd_bninc_ha_año_2023
1999,Chaco,9381,406,bqd_bninc_ha_año_2023
1999,Chubut,27438,8904,bqd_bninc_ha_año_2023
1999,Corrientes,8176,12,bqd_bninc_ha_año_2023
1999,Córdoba,59933,22306,bqd_bninc_ha_año_2023
1999,Entre Ríos,20237,7118,bqd_bninc_ha_año_2023
1999,Formosa,6240,,bqd_bninc_ha_año_2023
1999,Jujuy,329,43,bqd_bninc_ha_año_2023
1999,La Pampa,77270,34830,bqd_bninc_ha_año_2023
1999,La Rioja,67025,3,bqd_bninc_ha_año_2023
1999,Mendoza,67239,26247,bqd_bninc_ha_año_2023
1999,Misiones,3675,1476,bqd_bninc_ha_año_2023
1999,Neuquén,128756,323,bqd_bninc_ha_año_2023
1999,Río Negro,59385,10871,bqd_bninc_ha_año_2023
1999,Salta,14835,5865,bqd_bninc_ha_año_2023
1999,San Juan,1084,,bqd_bninc_ha_año_2023
1999,San Luis,87157,34729,bqd_bninc_ha_año_2023
1999,Santa Cruz,19098,16,bqd_bninc_ha_año_2023
1999,Santa Fe,364,44,bqd_bninc_ha_año_2023
1999,Santiago del Estero,1200,300,bqd_bninc_ha_año_2023
1999,Tierra del Fuego,214,89,bqd_bninc_ha_año_2023
1999,Tucumán,2818,,bqd_bninc_ha_año_2023
2000,Buenos Aires,17927,1116,bqd_bninc_ha_año_2023
2000,Catamarca,77233,27000,bqd_bninc_ha_año_2023
2000,Chaco,2639,169,bqd_bninc_ha_año_2023
2000,Chubut,134,27,bqd_bninc_ha_año_2023
2000,Ciudad Autónoma de Buenos Aires,32,2,bqd_bninc_ha_año_2023
2000,Corrientes,6014,12,bqd_bninc_ha_año_2023
2000,Córdoba,89920,20638,bqd_bninc_ha_año_2023
2000,Entre Ríos,1175,646,bqd_bninc_ha_año_2023
2000,Formosa,732,,bqd_bninc_ha_año_2023
2000,Jujuy,1167,18,bqd_bninc_ha_año_2023
2000,La Pampa,1411981,290154,bqd_bninc_ha_año_2023
2000,La Rioja,52178,10880,bqd_bninc_ha_año_2023
2000,Mendoza,609834,385779,bqd_bninc_ha_año_2023
2000,Misiones,3862,161,bqd_bninc_ha_año_2023
2000,Neuquén,15181,0,bqd_bninc_ha_año_2023
2000,Río Negro,155753,27619,bqd_bninc_ha_año_2023
2000,Salta,30793,15533,bqd_bninc_ha_año_2023
2000,San Juan,804,,bqd_bninc_ha_año_2023
2000,San Luis,299556,149100,bqd_bninc_ha_año_2023
2000,Santa Cruz,7378,122,bqd_bninc_ha_año_2023
2000,Santa Fe,2087,128,bqd_bninc_ha_año_2023
2000,Santiago del Estero,4732,2730,bqd_bninc_ha_año_2023
2000,Tierra del Fuego,22,22,bqd_bninc_ha_año_2023
2000,Tucumán,15800,11800,bqd_bninc_ha_año_2023
2001,Buenos Aires,75570,19998,bqd_bninc_ha_año_2023
2001,Catamarca,1916,,bqd_bninc_ha_año_2023
2001,Chaco,6289,55,bqd_bninc_ha_año_2023
2001,Chubut,5885,4425,bqd_bninc_ha_año_2023
2001,Ciudad Autónoma de Buenos Aires,16,,bqd_bninc_ha_año_2023
2001,Corrientes,2824,762,bqd_bninc_ha_año_2023
2001,Córdoba,83173,19234,bqd_bninc_ha_año_2023
2001,Entre Ríos,481,67,bqd_bninc_ha_año_2023
2001,Formosa,5596,,bqd_bninc_ha_año_2023
2001,Jujuy,134,,bqd_bninc_ha_año_2023
2001,La Pampa,2913817,579124,bqd_bninc_ha_año_2023
2001,La Rioja,65038,7400,bqd_bninc_ha_año_2023
2001,Mendoza,420340,241056,bqd_bninc_ha_año_2023
2001,Misiones,2924,156,bqd_bninc_ha_año_2023
2001,Neuquén,22552,0,bqd_bninc_ha_año_2023
2001,Río Negro,938045,35393,bqd_bninc_ha_año_2023
2001,Salta,47611,11442,bqd_bninc_ha_año_2023
2001,San Juan,575,1,bqd_bninc_ha_año_2023
2001,San Luis,90105,54655,bqd_bninc_ha_año_2023
2001,Santa Cruz,4705,501,bqd_bninc_ha_año_2023
2001,Santa Fe,2399,7,bqd_bninc_ha_año_2023
2001,Santiago del Estero,1382,1140,bqd_bninc_ha_año_2023
2001,Tierra del Fuego,57,57,bqd_bninc_ha_año_2023
2001,Tucumán,600,,bqd_bninc_ha_año_2023
2002,Buenos Aires,104907,31433,bqd_bninc_ha_año_2023
2002,Catamarca,43525,9097,bqd_bninc_ha_año_2023
2002,Chaco,145,1,bqd_bninc_ha_año_2023
2002,Chubut,7641,156,bqd_bninc_ha_año_2023
2002,Corrientes,4025,1046,bqd_bninc_ha_año_2023
2002,Córdoba,104773,25734,bqd_bninc_ha_año_2023
2002,Entre Ríos,496,236,bqd_bninc_ha_año_2023
2002,Formosa,9687,4,bqd_bninc_ha_año_2023
2002,Jujuy,140,14,bqd_bninc_ha_año_2023
2002,La Pampa,985793,304458,bqd_bninc_ha_año_2023
2002,La Rioja,78422,40447,bqd_bninc_ha_año_2023
2002,Mendoza,333430,90002,bqd_bninc_ha_año_2023
2002,Misiones,575,49,bqd_bninc_ha_año_2023
2002,Neuquén,8440,940,bqd_bninc_ha_año_2023
2002,Río Negro,333617,80876,bqd_bninc_ha_año_2023
2002,Salta,36516,9682,bqd_bninc_ha_año_2023
2002,San Juan,984,14,bqd_bninc_ha_año_2023
2002,San Luis,178112,178102,bqd_bninc_ha_año_2023
2002,Santa Cruz,9865,4022,bqd_bninc_ha_año_2023
2002,Santa Fe,2545,429,bqd_bninc_ha_año_2023
2002,Santiago del Estero,8018,5774,bqd_bninc_ha_año_2023
2002,Tierra del Fuego,23,19,bqd_bninc_ha_año_2023
2002,Tucumán,1049,85,bqd_bninc_ha_año_2023
2003,Buenos Aires,569736,19536,bqd_bninc_ha_año_2023
2003,Catamarca,11080,6880,bqd_bninc_ha_año_2023
2003,Chaco,16978,1549,bqd_bninc_ha_año_2023
2003,Chubut,44659,41,bqd_bninc_ha_año_2023
2003,Ciudad Autónoma de Buenos Aires,14,,bqd_bninc_ha_año_2023
2003,Corrientes,2132,1109,bqd_bninc_ha_año_2023
2003,Córdoba,127545,51474,bqd_bninc_ha_año_2023
2003,Entre Ríos,1381,400,bqd_bninc_ha_año_2023
2003,Formosa,7586,402,bqd_bninc_ha_año_2023
2003,Jujuy,259,20,bqd_bninc_ha_año_2023
2003,La Pampa,853921,418363,bqd_bninc_ha_año_2023
2003,La Rioja,125968,99233,bqd_bninc_ha_año_2023
2003,Mendoza,612387,115423,bqd_bninc_ha_año_2023
2003,Misiones,4381,5,bqd_bninc_ha_año_2023
2003,Neuquén,17908,111,bqd_bninc_ha_año_2023
2003,Río Negro,448244,48350,bqd_bninc_ha_año_2023
2003,Salta,54857,10660,bqd_bninc_ha_año_2023
2003,San Juan,2659,,bqd_bninc_ha_año_2023
2003,San Luis,217720,217720,bqd_bninc_ha_año_2023
2003,Santa Cruz,15494,10145,bqd_bninc_ha_año_2023
2003,Santa Fe,4421,1256,bqd_bninc_ha_año_2023
2003,Santiago del Estero,3474,1933,bqd_bninc_ha_año_2023
2003,Tierra del Fuego,0,0,bqd_bninc_ha_año_2023
2003,Tucumán,3563,351,bqd_bninc_ha_año_2023
2004,Buenos Aires,23706,1538,bqd_bninc_ha_año_2023
2004,Catamarca,2175,1,bqd_bninc_ha_año_2023
2004,Chaco,5257,428,bqd_bninc_ha_año_2023
2004,Chubut,2459,637,bqd_bninc_ha_año_2023
2004,Ciudad Autónoma de Buenos Aires,45,0,bqd_bninc_ha_año_2023
2004,Corrientes,5159,,bqd_bninc_ha_año_2023
2004,Córdoba,11473,4600,bqd_bninc_ha_año_2023
2004,Entre Ríos,4133,635,bqd_bninc_ha_año_2023
2004,Formosa,2095,,bqd_bninc_ha_año_2023
2004,Jujuy,9796,1171,bqd_bninc_ha_año_2023
2004,La Pampa,239678,17875,bqd_bninc_ha_año_2023
2004,La Rioja,18231,9400,bqd_bninc_ha_año_2023
2004,Mendoza,59759,15766,bqd_bninc_ha_año_2023
2004,Misiones,2417,15,bqd_bninc_ha_año_2023
2004,Neuquén,25380,422,bqd_bninc_ha_año_2023
2004,Río Negro,40425,6288,bqd_bninc_ha_año_2023
2004,Salta,64675,11363,bqd_bninc_ha_año_2023
2004,San Juan,856,,bqd_bninc_ha_año_2023
2004,Santa Cruz,6451,142,bqd_bninc_ha_año_2023
2004,Santa Fe,27430,1378,bqd_bninc_ha_año_2023
2004,Santiago del Estero,7180,4300,bqd_bninc_ha_año_2023
2004,Tierra del Fuego,26,21,bqd_bninc_ha_año_2023
2004,Tucumán,968,104,bqd_bninc_ha_año_2023
2005,Buenos Aires,39799,4171,bqd_bninc_ha_año_2023
2005,Catamarca,31058,,bqd_bninc_ha_año_2023
2005,Chaco,5143,335,bqd_bninc_ha_año_2023
2005,Chubut,5392,999,bqd_bninc_ha_año_2023
2005,Ciudad Autónoma de Buenos Aires,28,,bqd_bninc_ha_año_2023
2005,Corrientes,56595,,bqd_bninc_ha_año_2023
2005,Córdoba,16910,3866,bqd_bninc_ha_año_2023
2005,Entre Ríos,2714,146,bqd_bninc_ha_año_2023
2005,Formosa,7943,,bqd_bninc_ha_año_2023
2005,Jujuy,3655,850,bqd_bninc_ha_año_2023
2005,La Pampa,313526,58290,bqd_bninc_ha_año_2023
2005,La Rioja,680,639,bqd_bninc_ha_año_2023
2005,Mendoza,64986,6361,bqd_bninc_ha_año_2023
2005,Misiones,8966,1527,bqd_bninc_ha_año_2023
2005,Neuquén,22962,214,bqd_bninc_ha_año_2023
2005,Río Negro,303279,92277,bqd_bninc_ha_año_2023
2005,Salta,61778,10876,bqd_bninc_ha_año_2023
2005,San Juan,996,,bqd_bninc_ha_año_2023
2005,San Luis,22562,22314,bqd_bninc_ha_año_2023
2005,Santa Cruz,9398,57,bqd_bninc_ha_año_2023
2005,Santa Fe,1911,15,bqd_bninc_ha_año_2023
2005,Santiago del Estero,8000,3300,bqd_bninc_ha_año_2023
2005,Tierra del Fuego,17,9,bqd_bninc_ha_año_2023
2005,Tucumán,2951,,bqd_bninc_ha_año_2023
2006,Buenos Aires,168086,649,bqd_bninc_ha_año_2023
2006,Catamarca,4856,1,bqd_bninc_ha_año_2023
2006,Chaco,37606,15944,bqd_bninc_ha_año_2023
2006,Chubut,331,75,bqd_bninc_ha_año_2023
2006,Corrientes,7370,,bqd_bninc_ha_año_2023
2006,Córdoba,61769,23498,bqd_bninc_ha_año_2023
2006,Entre Ríos,4805,345,bqd_bninc_ha_año_2023
2006,Formosa,1691,,bqd_bninc_ha_año_2023
2006,Jujuy,5875,31,bqd_bninc_ha_año_2023
2006,La Pampa,137390,34170,bqd_bninc_ha_año_2023
2006,La Rioja,7678,7500,bqd_bninc_ha_año_2023
2006,Mendoza,60500,4906,bqd_bninc_ha_año_2023
2006,Misiones,2956,24,bqd_bninc_ha_año_2023
2006,Neuquén,7665,600,bqd_bninc_ha_año_2023
2006,Río Negro,141791,14222,bqd_bninc_ha_año_2023
2006,Salta,41163,8060,bqd_bninc_ha_año_2023
2006,San Juan,656,,bqd_bninc_ha_año_2023
2006,San Luis,20832,8440,bqd_bninc_ha_año_2023
2006,Santa Cruz,3126,2,bqd_bninc_ha_año_2023
2006,Santa Fe,3047,100,bqd_bninc_ha_año_2023
2006,Santiago del Estero,15000,12300,bqd_bninc_ha_año_2023
2006,Tierra del Fuego,1,0,bqd_bninc_ha_año_2023
2006,Tucumán,2147,,bqd_bninc_ha_año_2023
2007,Buenos Aires,19106,1392,bqd_bninc_ha_año_2023
2007,Catamarca,24755,,bqd_bninc_ha_año_2023
2007,Chaco,26213,3559,bqd_bninc_ha_año_2023
2007,Chubut,756,47,bqd_bninc_ha_año_2023
2007,Ciudad Autónoma de Buenos Aires,8,,bqd_bninc_ha_año_2023
2007,Corrientes,569,25,bqd_bninc_ha_año_2023
2007,Córdoba,11369,4371,bqd_bninc_ha_año_2023
2007,Entre Ríos,549,80,bqd_bninc_ha_año_2023
2007,Formosa,3056,16,bqd_bninc_ha_año_2023
2007,Jujuy,1498,39,bqd_bninc_ha_año_2023
2007,La Pampa,22255,7156,bqd_bninc_ha_año_2023
2007,La Rioja,200,19,bqd_bninc_ha_año_2023
2007,Mendoza,16167,1672,bqd_bninc_ha_año_2023
2007,Misiones,296,,bqd_bninc_ha_año_2023
2007,Neuquén,1154,29,bqd_bninc_ha_año_2023
2007,Río Negro,43545,25,bqd_bninc_ha_año_2023
2007,Salta,36809,6993,bqd_bninc_ha_año_2023
2007,San Juan,1346,,bqd_bninc_ha_año_2023
2007,San Luis,25660,4884,bqd_bninc_ha_año_2023
2007,Santa Cruz,9024,2,bqd_bninc_ha_año_2023
2007,Santa Fe,2794,98,bqd_bninc_ha_año_2023
2007,Santiago del Estero,4545,,bqd_bninc_ha_año_2023
2007,Tierra del Fuego,16,2,bqd_bninc_ha_año_2023
2007,Tucumán,862,40,bqd_bninc_ha_año_2023
2008,Buenos Aires,68824,2083,bqd_bninc_ha_año_2023
2008,Catamarca,12545,2840,bqd_bninc_ha_año_2023
2008,Chaco,2873,718,bqd_bninc_ha_año_2023
2008,Chubut,9287,3459,bqd_bninc_ha_año_2023
2008,Ciudad Autónoma de Buenos Aires,2,0,bqd_bninc_ha_año_2023
2008,Corrientes,8053,2880,bqd_bninc_ha_año_2023
2008,Córdoba,61542,15603,bqd_bninc_ha_año_2023
2008,Entre Ríos,77893,2037,bqd_bninc_ha_año_2023
2008,Formosa,4165,30,bqd_bninc_ha_año_2023
2008,Jujuy,2647,191,bqd_bninc_ha_año_2023
2008,La Pampa,97486,41315,bqd_bninc_ha_año_2023
2008,La Rioja,1017,70,bqd_bninc_ha_año_2023
2008,Mendoza,88527,827,bqd_bninc_ha_año_2023
2008,Misiones,1473,83,bqd_bninc_ha_año_2023
2008,Neuquén,872,136,bqd_bninc_ha_año_2023
2008,Río Negro,20349,8,bqd_bninc_ha_año_2023
2008,Salta,27391,4428,bqd_bninc_ha_año_2023
2008,San Juan,1123,120,bqd_bninc_ha_año_2023
2008,San Luis,24150,3070,bqd_bninc_ha_año_2023
2008,Santa Cruz,55299,3,bqd_bninc_ha_año_2023
2008,Santa Fe,5001,234,bqd_bninc_ha_año_2023
2008,Santiago del Estero,24633,,bqd_bninc_ha_año_2023
2008,Tierra del Fuego,7395,4846,bqd_bninc_ha_año_2023
2008,Tucumán,245,20,bqd_bninc_ha_año_2023
2009,Buenos Aires,34078,10032,bqd_bninc_ha_año_2023
2009,Catamarca,54253,7605,bqd_bninc_ha_año_2023
2009,Chaco,3442,875,bqd_bninc_ha_año_2023
2009,Chubut,368,107,bqd_bninc_ha_año_2023
2009,Ciudad Autónoma de Buenos Aires,65,5,bqd_bninc_ha_año_2023
2009,Corrientes,15560,545,bqd_bninc_ha_año_2023
2009,Córdoba,70247,21884,bqd_bninc_ha_año_2023
2009,Entre Ríos,804,,bqd_bninc_ha_año_2023
2009,Formosa,1378,,bqd_bninc_ha_año_2023
2009,Jujuy,1668,334,bqd_bninc_ha_año_2023
2009,La Pampa,24926,12386,bqd_bninc_ha_año_2023
2009,La Rioja,3980,100,bqd_bninc_ha_año_2023
2009,Mendoza,25296,244,bqd_bninc_ha_año_2023
2009,Misiones,1478,248,bqd_bninc_ha_año_2023
2009,Neuquén,209,30,bqd_bninc_ha_año_2023
2009,Río Negro,14754,1322,bqd_bninc_ha_año_2023
2009,Salta,35051,4555,bqd_bninc_ha_año_2023
2009,San Juan,1165,,bqd_bninc_ha_año_2023
2009,San Luis,486563,37445,bqd_bninc_ha_año_2023
2009,Santa Cruz,9848,0,bqd_bninc_ha_año_2023
2009,Santa Fe,3887,22,bqd_bninc_ha_año_2023
2009,Santiago del Estero,39540,8090,bqd_bninc_ha_año_2023
2009,Tierra del Fuego,35,34,bqd_bninc_ha_año_2023
2009,Tucumán,4993,804,bqd_bninc_ha_año_2023
2010,Buenos Aires,8671,1451,bqd_bninc_ha_año_2023
2010,Catamarca,15831,564,bqd_bninc_ha_año_2023
2010,Chaco,3917,973,bqd_bninc_ha_año_2023
2010,Chubut,1262,176,bqd_bninc_ha_año_2023
2010,Ciudad Autónoma de Buenos Aires,,,bqd_bninc_ha_año_2023
2010,Corrientes,820,,bqd_bninc_ha_año_2023
2010,Córdoba,10305,2233,bqd_bninc_ha_año_2023
2010,Entre Ríos,1692,802,bqd_bninc_ha_año_2023
2010,Jujuy,27145,24461,bqd_bninc_ha_año_2023
2010,La Pampa,18391,1360,bqd_bninc_ha_año_2023
2010,La Rioja,29271,,bqd_bninc_ha_año_2023
2010,Mendoza,54196,3712,bqd_bninc_ha_año_2023
2010,Misiones,546,3,bqd_bninc_ha_año_2023
2010,Neuquén,595,5,bqd_bninc_ha_año_2023
2010,Río Negro,645,8,bqd_bninc_ha_año_2023
2010,Salta,3945,379,bqd_bninc_ha_año_2023
2010,San Juan,1087,,bqd_bninc_ha_año_2023
2010,San Luis,32325,9780,bqd_bninc_ha_año_2023
2010,Santa Cruz,41,4,bqd_bninc_ha_año_2023
2010,Santa Fe,2767,18,bqd_bninc_ha_año_2023
2010,Santiago del Estero,5395,1050,bqd_bninc_ha_año_2023
2010,Tierra del Fuego,6,3,bqd_bninc_ha_año_2023
2011,Buenos Aires,3354,229,bqd_bninc_ha_año_2023
2011,Catamarca,12723,4165,bqd_bninc_ha_año_2023
2011,Chaco,8848,2526,bqd_bninc_ha_año_2023
2011,Chubut,4169,1236,bqd_bninc_ha_año_2023
2011,Ciudad Autónoma de Buenos Aires,8,1,bqd_bninc_ha_año_2023
2011,Corrientes,5876,,bqd_bninc_ha_año_2023
2011,Córdoba,71293,24569,bqd_bninc_ha_año_2023
2011,Entre Ríos,2025,34,bqd_bninc_ha_año_2023
2011,Formosa,2415,338,bqd_bninc_ha_año_2023
2011,Jujuy,1342,327,bqd_bninc_ha_año_2023
2011,La Pampa,78022,7300,bqd_bninc_ha_año_2023
2011,La Rioja,1390,,bqd_bninc_ha_año_2023
2011,Mendoza,10908,427,bqd_bninc_ha_año_2023
2011,Misiones,502,15,bqd_bninc_ha_año_2023
2011,Neuquén,10683,671,bqd_bninc_ha_año_2023
2011,Río Negro,15355,5,bqd_bninc_ha_año_2023
2011,Salta,1909,167,bqd_bninc_ha_año_2023
2011,San Juan,20136,20,bqd_bninc_ha_año_2023
2011,San Luis,18600,4218,bqd_bninc_ha_año_2023
2011,Santa Cruz,63,2,bqd_bninc_ha_año_2023
2011,Santa Fe,2490,62,bqd_bninc_ha_año_2023
2011,Santiago del Estero,10954,7388,bqd_bninc_ha_año_2023
2011,Tierra del Fuego,97,80,bqd_bninc_ha_año_2023
2012,Buenos Aires,98,0,bqd_bninc_ha_año_2023
2012,Catamarca,4651,4,bqd_bninc_ha_año_2023
2012,Chaco,7771,4317,bqd_bninc_ha_año_2023
2012,Chubut,4698,3306,bqd_bninc_ha_año_2023
2012,Ciudad Autónoma de Buenos Aires,0,0,bqd_bninc_ha_año_2023
2012,Corrientes,3557,,bqd_bninc_ha_año_2023
2012,Córdoba,11130,4036,bqd_bninc_ha_año_2023
2012,Entre Ríos,2423,1591,bqd_bninc_ha_año_2023
2012,Formosa,5959,,bqd_bninc_ha_año_2023
2012,Jujuy,8675,1503,bqd_bninc_ha_año_2023
2012,La Pampa,30202,14644,bqd_bninc_ha_año_2023
2012,La Rioja,391,6,bqd_bninc_ha_año_2023
2012,Mendoza,7006,260,bqd_bninc_ha_año_2023
2012,Misiones,2143,220,bqd_bninc_ha_año_2023
2012,Neuquén,16058,397,bqd_bninc_ha_año_2023
2012,Río Negro,3093,376,bqd_bninc_ha_año_2023
2012,Salta,1798,115,bqd_bninc_ha_año_2023
2012,San Juan,636,3,bqd_bninc_ha_año_2023
2012,San Luis,50201,5841,bqd_bninc_ha_año_2023
2012,Santa Cruz,20499,1000,bqd_bninc_ha_año_2023
2012,Santa Fe,2531,5,bqd_bninc_ha_año_2023
2012,Santiago del Estero,8970,5510,bqd_bninc_ha_año_2023
2012,Tierra del Fuego,2576,2575,bqd_bninc_ha_año_2023
2012,Tucumán,1992,58,bqd_bninc_ha_año_2023
2013,Buenos Aires,1968,38,bqd_bninc_ha_año_2023
2013,Catamarca,6507,159,bqd_bninc_ha_año_2023
2013,Chaco,8852,710,bqd_bninc_ha_año_2023
2013,Chubut,107,69,bqd_bninc_ha_año_2023
2013,Ciudad Autónoma de Buenos Aires,32,,bqd_bninc_ha_año_2023
2013,Corrientes,1103,154,bqd_bninc_ha_año_2023
2013,Córdoba,105179,25620,bqd_bninc_ha_año_2023
2013,Entre Ríos,11840,1185,bqd_bninc_ha_año_2023
2013,Formosa,11293,764,bqd_bninc_ha_año_2023
2013,Jujuy,32042,18308,bqd_bninc_ha_año_2023
2013,La Pampa,83360,44756,bqd_bninc_ha_año_2023
2013,La Rioja,506,,bqd_bninc_ha_año_2023
2013,Mendoza,77018,1776,bqd_bninc_ha_año_2023
2013,Misiones,870,8,bqd_bninc_ha_año_2023
2013,Neuquén,2449,1432,bqd_bninc_ha_año_2023
2013,Río Negro,1732,61,bqd_bninc_ha_año_2023
2013,Salta,18146,,bqd_bninc_ha_año_2023
2013,San Juan,452,80,bqd_bninc_ha_año_2023
2013,San Luis,54693,1617,bqd_bninc_ha_año_2023
2013,Santa Cruz,1504,1,bqd_bninc_ha_año_2023
2013,Santa Fe,2478,132,bqd_bninc_ha_año_2023
2013,Santiago del Estero,6062,3270,bqd_bninc_ha_año_2023
2013,Tierra del Fuego,10,3,bqd_bninc_ha_año_2023
2013,Tucumán,6429,104,bqd_bninc_ha_año_2023
2014,Buenos Aires,66104,4882,bqd_bninc_ha_año_2023
2014,Catamarca,10367,3,bqd_bninc_ha_año_2023
2014,Chaco,5245,72,bqd_bninc_ha_año_2023
2014,Chubut,148,1,bqd_bninc_ha_año_2023
2014,Ciudad Autónoma de Buenos Aires,0,,bqd_bninc_ha_año_2023
2014,Corrientes,1640,54,bqd_bninc_ha_año_2023
2014,Córdoba,4196,,bqd_bninc_ha_año_2023
2014,Entre Ríos,1536,517,bqd_bninc_ha_año_2023
2014,Formosa,7821,11,bqd_bninc_ha_año_2023
2014,Jujuy,1448,21,bqd_bninc_ha_año_2023
2014,La Pampa,490635,143009,bqd_bninc_ha_año_2023
2014,La Rioja,1814,,bqd_bninc_ha_año_2023
2014,Mendoza,66156,2810,bqd_bninc_ha_año_2023
2014,Misiones,959,32,bqd_bninc_ha_año_2023
2014,Neuquén,627,31,bqd_bninc_ha_año_2023
2014,Río Negro,49374,4,bqd_bninc_ha_año_2023
2014,Salta,1615,12,bqd_bninc_ha_año_2023
2014,San Juan,566,,bqd_bninc_ha_año_2023
2014,San Luis,52493,2530,bqd_bninc_ha_año_2023
2014,Santa Cruz,277,185,bqd_bninc_ha_año_2023
2014,Santa Fe,739,,bqd_bninc_ha_año_2023
2014,Santiago del Estero,1471,27,bqd_bninc_ha_año_2023
2014,Tierra del Fuego,9,1,bqd_bninc_ha_año_2023
2014,Tucumán,120,,bqd_bninc_ha_año_2023
2015,Buenos Aires,5730,173,bqd_bninc_ha_año_2023
2015,Catamarca,10852,8,bqd_bninc_ha_año_2023
2015,Chaco,4220,25,bqd_bninc_ha_año_2023
2015,Chubut,40347,26987,bqd_bninc_ha_año_2023
2015,Ciudad Autónoma de Buenos Aires,6,,bqd_bninc_ha_año_2023
2015,Corrientes,12227,,bqd_bninc_ha_año_2023
2015,Córdoba,1280,720,bqd_bninc_ha_año_2023
2015,Entre Ríos,1530,503,bqd_bninc_ha_año_2023
2015,Formosa,794,6,bqd_bninc_ha_año_2023
2015,Jujuy,1908,49,bqd_bninc_ha_año_2023
2015,La Pampa,213804,92782,bqd_bninc_ha_año_2023
2015,La Rioja,511,,bqd_bninc_ha_año_2023
2015,Mendoza,19788,1026,bqd_bninc_ha_año_2023
2015,Misiones,378,,bqd_bninc_ha_año_2023
2015,Neuquén,20564,1,bqd_bninc_ha_año_2023
2015,Río Negro,105108,47,bqd_bninc_ha_año_2023
2015,Salta,1094,34,bqd_bninc_ha_año_2023
2015,San Juan,591,,bqd_bninc_ha_año_2023
2015,San Luis,33198,3555,bqd_bninc_ha_año_2023
2015,Santa Cruz,159,1,bqd_bninc_ha_año_2023
2015,Santa Fe,1177,127,bqd_bninc_ha_año_2023
2015,Santiago del Estero,1975,591,bqd_bninc_ha_año_2023
2015,Tierra del Fuego,5,2,bqd_bninc_ha_año_2023
2015,Tucumán,115,,bqd_bninc_ha_año_2023
2016,Buenos Aires,59296,2059,bqd_bninc_ha_año_2023
2016,Catamarca,27496,1396,bqd_bninc_ha_año_2023
2016,Chaco,9129,15,bqd_bninc_ha_año_2023
2016,Chubut,9552,6327,bqd_bninc_ha_año_2023
2016,Ciudad Autónoma de Buenos Aires,1,,bqd_bninc_ha_año_2023
2016,Corrientes,9980,1400,bqd_bninc_ha_año_2023
2016,Córdoba,3541,317,bqd_bninc_ha_año_2023
2016,Entre Ríos,3030,1126,bqd_bninc_ha_año_2023
2016,Formosa,615,,bqd_bninc_ha_año_2023
2016,Jujuy,2010,471,bqd_bninc_ha_año_2023
2016,La Pampa,615182,157250,bqd_bninc_ha_año_2023
2016,La Rioja,334,,bqd_bninc_ha_año_2023
2016,Mendoza,93529,4499,bqd_bninc_ha_año_2023
2016,Misiones,2665,30,bqd_bninc_ha_año_2023
2016,Neuquén,38356,38,bqd_bninc_ha_año_2023
2016,Río Negro,60176,67,bqd_bninc_ha_año_2023
2016,Salta,4666,311,bqd_bninc_ha_año_2023
2016,San Juan,2100,,bqd_bninc_ha_año_2023
2016,San Luis,97861,123,bqd_bninc_ha_año_2023
2016,Santa Cruz,1036,31,bqd_bninc_ha_año_2023
2016,Santa Fe,1107,102,bqd_bninc_ha_año_2023
2016,Santiago del Estero,1675,34,bqd_bninc_ha_año_2023
2016,Tierra del Fuego,10,5,bqd_bninc_ha_año_2023
2016,Tucumán,90,,bqd_bninc_ha_año_2023
2017,Buenos Aires,7696,231,bqd_bninc_ha_año_2023
2017,Catamarca,45170,1,bqd_bninc_ha_año_2023
2017,Chaco,4924,1243,bqd_bninc_ha_año_2023
2017,Chubut,521,187,bqd_bninc_ha_año_2023
2017,Ciudad Autónoma de Buenos Aires,0,,bqd_bninc_ha_año_2023
2017,Corrientes,2388,256,bqd_bninc_ha_año_2023
2017,Córdoba,45343,11922,bqd_bninc_ha_año_2023
2017,Entre Ríos,372,47,bqd_bninc_ha_año_2023
2017,Formosa,1343,,bqd_bninc_ha_año_2023
2017,Jujuy,2106,584,bqd_bninc_ha_año_2023
2017,La Pampa,964408,455175,bqd_bninc_ha_año_2023
2017,La Rioja,734,,bqd_bninc_ha_año_2023
2017,Mendoza,418799,78524,bqd_bninc_ha_año_2023
2017,Misiones,1775,,bqd_bninc_ha_año_2023
2017,Neuquén,6787,228,bqd_bninc_ha_año_2023
2017,Río Negro,61076,6,bqd_bninc_ha_año_2023
2017,Salta,4477,102,bqd_bninc_ha_año_2023
2017,San Juan,12022,,bqd_bninc_ha_año_2023
2017,San Luis,39,,bqd_bninc_ha_año_2023
2017,Santa Cruz,303,,bqd_bninc_ha_año_2023
2017,Santa Fe,1303,75,bqd_bninc_ha_año_2023
2017,Santiago del Estero,1784,10,bqd_bninc_ha_año_2023
2017,Tierra del Fuego,5,2,bqd_bninc_ha_año_2023
2017,Tucumán,178,21,bqd_bninc_ha_año_2023
2018,Buenos Aires,86852,2419,bqd_bninc_ha_año_2023
2018,Catamarca,6993,71,bqd_bninc_ha_año_2023
2018,Chaco,3067,79,bqd_bninc_ha_año_2023
2018,Chubut,100,2,bqd_bninc_ha_año_2023
2018,Ciudad Autónoma de Buenos Aires,0,,bqd_bninc_ha_año_2023
2018,Corrientes,434,49,bqd_bninc_ha_año_2023
2018,Córdoba,20826,2549,bqd_bninc_ha_año_2023
2018,Entre Ríos,4899,3369,bqd_bninc_ha_año_2023
2018,Formosa,551,,bqd_bninc_ha_año_2023
2018,Jujuy,842,134,bqd_bninc_ha_año_2023
2018,La Pampa,723262,228360,bqd_bninc_ha_año_2023
2018,La Rioja,303,,bqd_bninc_ha_año_2023
2018,Mendoza,126316,8672,bqd_bninc_ha_año_2023
2018,Misiones,766,,bqd_bninc_ha_año_2023
2018,Neuquén,2826,1046,bqd_bninc_ha_año_2023
2018,Río Negro,4688,69,bqd_bninc_ha_año_2023
2018,Salta,1306,,bqd_bninc_ha_año_2023
2018,San Juan,606,11,bqd_bninc_ha_año_2023
2018,San Luis,39,,bqd_bninc_ha_año_2023
2018,Santa Fe,1686,116,bqd_bninc_ha_año_2023
2018,Tierra del Fuego,189,92,bqd_bninc_ha_año_2023
2018,Tucumán,1802,0,bqd_bninc_ha_año_2023
2019,Buenos Aires,301588,44,bqd_bninc_ha_año_2023
2019,Catamarca,11806,51,bqd_bninc_ha_año_2023
2019,Chubut,4254,10,bqd_bninc_ha_año_2023
2019,Ciudad Autónoma de Buenos Aires,0,0,bqd_bninc_ha_año_2023
2019,Corrientes,477,147,bqd_bninc_ha_año_2023
2019,Córdoba,20936,2775,bqd_bninc_ha_año_2023
2019,Entre Ríos,953,73,bqd_bninc_ha_año_2023
2019,Formosa,2745,0,bqd_bninc_ha_año_2023
2019,Jujuy,5329,1032,bqd_bninc_ha_año_2023
2019,La Pampa,169230,99182,bqd_bninc_ha_año_2023
2019,La Rioja,34,0,bqd_bninc_ha_año_2023
2019,Mendoza,59873,3354,bqd_bninc_ha_año_2023
2019,Misiones,799,45,bqd_bninc_ha_año_2023
2019,Río Negro,388,66,bqd_bninc_ha_año_2023
2019,Salta,1156,0,bqd_bninc_ha_año_2023
2019,San Juan,1099,21,bqd_bninc_ha_año_2023
2019,San Luis,68111,68111,bqd_bninc_ha_año_2023
2019,Santa Cruz,5166,0,bqd_bninc_ha_año_2023
2019,Santa Fe,1164,30,bqd_bninc_ha_año_2023
2019,Santiago del Estero,1997,0,bqd_bninc_ha_año_2023
2019,Tierra del Fuego,189,925,bqd_bninc_ha_año_2023
2020,Buenos Aires,144029,36,bqd_bninc_ha_año_2023
2020,Catamarca,21610,16,bqd_bninc_ha_año_2023
2020,Chaco,27932,0,bqd_bninc_ha_año_2023
2020,Chubut,931,6,bqd_bninc_ha_año_2023
2020,Ciudad Autónoma de Buenos Aires,9,0,bqd_bninc_ha_año_2023
2020,Córdoba,208443,45997,bqd_bninc_ha_año_2023
2020,Entre Ríos,321604,306,bqd_bninc_ha_año_2023
2020,Formosa,73770,0,bqd_bninc_ha_año_2023
2020,Jujuy,38909,30440,bqd_bninc_ha_año_2023
2020,La Pampa,91978,17445,bqd_bninc_ha_año_2023
2020,La Rioja,2398,0,bqd_bninc_ha_año_2023
2020,Mendoza,35740,4854,bqd_bninc_ha_año_2023
2020,Misiones,2728,443,bqd_bninc_ha_año_2023
2020,Neuquén,25878,1,bqd_bninc_ha_año_2023
2020,Río Negro,162,10,bqd_bninc_ha_año_2023
2020,Salta,43594,196,bqd_bninc_ha_año_2023
2020,San Juan,1352,18,bqd_bninc_ha_año_2023
2020,San Luis,113837,40933,bqd_bninc_ha_año_2023
2020,Santa Cruz,504,0,bqd_bninc_ha_año_2023
2020,Santa Fe,1284,1,bqd_bninc_ha_año_2023
2020,Santiago del Estero,4327,3,bqd_bninc_ha_año_2023
2020,Tierra del Fuego,1,1,bqd_bninc_ha_año_2023
2020,Tucumán,11384,548,bqd_bninc_ha_año_2023
2021,Buenos Aires,7093,45,bqd_bninc_ha_año_2023
2021,Catamarca,13783,2010,bqd_bninc_ha_año_2023
2021,Chaco,3097,306,bqd_bninc_ha_año_2023
2021,Chubut,3521,26,bqd_bninc_ha_año_2023
2021,Ciudad Autónoma de Buenos Aires,0,0,bqd_bninc_ha_año_2023
2021,Corrientes,8897,0,bqd_bninc_ha_año_2023
2021,Córdoba,63354,32063,bqd_bninc_ha_año_2023
2021,Entre Ríos,138793,117,bqd_bninc_ha_año_2023
2021,Formosa,340563,0,bqd_bninc_ha_año_2023
2021,Jujuy,6271,3296,bqd_bninc_ha_año_2023
2021,La Pampa,33490,8885,bqd_bninc_ha_año_2023
2021,La Rioja,21137,7007,bqd_bninc_ha_año_2023
2021,Mendoza,3119,27,bqd_bninc_ha_año_2023
2021,Misiones,1519,251,bqd_bninc_ha_año_2023
2021,Neuquén,5848,1415,bqd_bninc_ha_año_2023
2021,Río Negro,104,1,bqd_bninc_ha_año_2023
2021,Salta,12431,0,bqd_bninc_ha_año_2023
2021,San Juan,710,0,bqd_bninc_ha_año_2023
2021,San Luis,51873,61,bqd_bninc_ha_año_2023
2021,Santa Cruz,5399,107,bqd_bninc_ha_año_2023
2021,Santa Fe,185,103,bqd_bninc_ha_año_2023
2021,Santiago del Estero,2219,60,bqd_bninc_ha_año_2023
2021,Tierra del Fuego,82,6,bqd_bninc_ha_año_2023
2021,Tucumán,3455,188,bqd_bninc_ha_año_2023
2022,Buenos Aires,142,,bqd_bninc_ha_año_2023
2022,Catamarca,29269,982,bqd_bninc_ha_año_2023
2022,Chaco,6094,,bqd_bninc_ha_año_2023
2022,Chubut,93,48,bqd_bninc_ha_año_2023
2022,Ciudad Autónoma de Buenos Aires,0,,bqd_bninc_ha_año_2023
2022,Corrientes,88831,,bqd_bninc_ha_año_2023
2022,Córdoba,64232,8710,bqd_bninc_ha_año_2023
2022,Entre Ríos,238942,430,bqd_bninc_ha_año_2023
2022,Formosa,176388,,bqd_bninc_ha_año_2023
2022,Jujuy,18519,6047,bqd_bninc_ha_año_2023
2022,La Pampa,214249,62717,bqd_bninc_ha_año_2023
2022,La Rioja,36954,12215,bqd_bninc_ha_año_2023
2022,Mendoza,43826,3890,bqd_bninc_ha_año_2023
2022,Misiones,1958,200,bqd_bninc_ha_año_2023
2022,Neuquén,26,0,bqd_bninc_ha_año_2023
2022,Río Negro,9,0,bqd_bninc_ha_año_2023
2022,Salta,199267,111,bqd_bninc_ha_año_2023
2022,San Juan,4678,86,bqd_bninc_ha_año_2023
2022,San Luis,68459,39667,bqd_bninc_ha_año_2023
2022,Santa Cruz,422,,bqd_bninc_ha_año_2023
2022,Santa Fe,44516,430,bqd_bninc_ha_año_2023
2022,Santiago del Estero,18932,,bqd_bninc_ha_año_2023
2022,Tierra del Fuego,8200,7380,bqd_bninc_ha_año_2023
2022,Tucumán,27862,1216,bqd_bninc_ha_año_2023
2023,Buenos Aires,4523,,bqd_bninc_ha_año_2023
2023,Catamarca,10166,20,bqd_bninc_ha_año_2023
2023,Chaco,1728,,bqd_bninc_ha_año_2023
2023,Chubut,630,203,bqd_bninc_ha_año_2023
2023,Ciudad Autónoma de Buenos Aires,46,,bqd_bninc_ha_año_2023
2023,Corrientes,42881,,bqd_bninc_ha_año_2023
2023,Córdoba,34445,6723,bqd_bninc_ha_año_2023
2023,Entre Ríos,22842,5601,bqd_bninc_ha_año_2023
2023,Formosa,2623,92,bqd_bninc_ha_año_2023
2023,Jujuy,1383,210,bqd_bninc_ha_año_2023
2023,La Pampa,90990,24110,bqd_bninc_ha_año_2023
2023,La Rioja,10438,57,bqd_bninc_ha_año_2023
2023,Mendoza,91198,11453,bqd_bninc_ha_año_2023
2023,Misiones,64,1,bqd_bninc_ha_año_2023
2023,Neuquén,31,0,bqd_bninc_ha_año_2023
2023,Río Negro,3697,269,bqd_bninc_ha_año_2023
2023,Salta,3117,,bqd_bninc_ha_año_2023
2023,San Juan,4203,,bqd_bninc_ha_año_2023
2023,San Luis,158178,106643,bqd_bninc_ha_año_2023
2023,Santa Cruz,270,2,bqd_bninc_ha_año_2023
2023,Santa Fe,136,,bqd_bninc_ha_año_2023
2023,Santiago del Estero,5000,,bqd_bninc_ha_año_2023
2023,Tierra del Fuego,23,16,bqd_bninc_ha_año_2023
2023,Tucumán,3901,452,bqd_bninc_ha_año_2023
2024,Buenos Aires,,,anuario_2024_s/i
2024,Catamarca,6835,53,anuario_2024
2024,Chaco,54278,3743,anuario_2024
2024,Chubut,5460,3130,anuario_2024
2024,Ciudad Autónoma de Buenos Aires,,,anuario_2024_s/i
2024,Corrientes,,,anuario_2024_s/i
2024,Córdoba,103325,14750,anuario_2024
2024,Entre Ríos,21869,2520,anuario_2024
2024,Formosa,7415,2079,anuario_2024
2024,Jujuy,1327,261,anuario_2024
2024,La Pampa,48281,23957,anuario_2024
2024,La Rioja,150,,anuario_2024
2024,Mendoza,11491,443,anuario_2024
2024,Misiones,291,,anuario_2024
2024,Neuquén,64,,anuario_2024
2024,Parques Nacionales,40784,7250,anuario_2024
2024,Río Negro,5362,2389,anuario_2024
2024,Salta,21661,45,anuario_2024
2024,San Juan,581,270,anuario_2024
2024,San Luis,59845,51960,anuario_2024
2024,Santa Cruz,1,0,anuario_2024
2024,Santa Fe,,,anuario_2024_s/i
2024,Santiago del Estero,,,anuario_2024_s/i
2024,Tierra del Fuego,1,1,anuario_2024
2024,Tucumán,3255,1,anuario_2024
