año,agregado,provincias,ha_total,ha_bosque_nativo,provincias_sin_dato_bn,nota
1993,provincias_patagonicas_5,Chubut|Neuquén|Río Negro|Santa Cruz|Tierra del Fuego,6981,1155,0,PROXY por provincia — no equivale a región fitogeográfica Bosque Andino Patagónico
1994,provincias_patagonicas_5,Chubut|Neuquén|Río Negro|Santa Cruz|Tierra del Fuego,26622,5332,0,PROXY por provincia — no equivale a región fitogeográfica Bosque Andino Patagónico
1995,provincias_patagonicas_5,Chubut|Neuquén|Río Negro|Santa Cruz|Tierra del Fuego,39070,2234,1,PROXY por provincia — no equivale a región fitogeográfica Bosque Andino Patagónico
1996,provincias_patagonicas_5,Chubut|Neuquén|Río Negro|Santa Cruz|Tierra del Fuego,118419,13119,0,PROXY por provincia — no equivale a región fitogeográfica Bosque Andino Patagónico
1997,provincias_patagonicas_5,Chubut|Neuquén|Río Negro|Santa Cruz|Tierra del Fuego,52913,5368,1,PROXY por provincia — no equivale a región fitogeográfica Bosque Andino Patagónico
1998,provincias_patagonicas_5,Chubut|Neuquén|Río Negro|Santa Cruz|Tierra del Fuego,106781,13550,1,PROXY por provincia — no equivale a región fitogeográfica Bosque Andino Patagónico
1999,provincias_patagonicas_5,Chubut|Neuquén|Río Negro|Santa Cruz|Tierra del Fuego,234891,20203,0,PROXY por provincia — no equivale a región fitogeográfica Bosque Andino Patagónico
2000,provincias_patagonicas_5,Chubut|Neuquén|Río Negro|Santa Cruz|Tierra del Fuego,178468,27790,0,PROXY por provincia — no equivale a región fitogeográfica Bosque Andino Patagónico
2001,provincias_patagonicas_5,Chubut|Neuquén|Río Negro|Santa Cruz|Tierra del Fuego,971244,40376,0,PROXY por provincia — no equivale a región fitogeográfica Bosque Andino Patagónico
2002,provincias_patagonicas_5,Chubut|Neuquén|Río Negro|Santa Cruz|Tierra del Fuego,359586,86013,0,PROXY por provincia — no equivale a región fitogeográfica Bosque Andino Patagónico
2003,provincias_patagonicas_5,Chubut|Neuquén|Río Negro|Santa Cruz|Tierra del Fuego,526305,58647,0,PROXY por provincia — no equivale a región fitogeográfica Bosque Andino Patagónico
2004,provincias_patagonicas_5,Chubut|Neuquén|Río Negro|Santa Cruz|Tierra del Fuego,74741,7510,0,PROXY por provincia — no equivale a región fitogeográfica Bosque Andino Patagónico
2005,provincias_patagonicas_5,Chubut|Neuquén|Río Negro|Santa Cruz|Tierra del Fuego,341048,93556,0,PROXY por provincia — no equivale a región fitogeográfica Bosque Andino Patagónico
2006,provincias_patagonicas_5,Chubut|Neuquén|Río Negro|Santa Cruz|Tierra del Fuego,152914,14899,0,PROXY por provincia — no equivale a región fitogeográfica Bosque Andino Patagónico
2007,provincias_patagonicas_5,Chubut|Neuquén|Río Negro|Santa Cruz|Tierra del Fuego,54495,105,0,PROXY por provincia — no equivale a región fitogeográfica Bosque Andino Patagónico
2008,provincias_patagonicas_5,Chubut|Neuquén|Río Negro|Santa Cruz|Tierra del Fuego,93202,8452,0,PROXY por provincia — no equivale a región fitogeográfica Bosque Andino Patagónico
2009,provincias_patagonicas_5,Chubut|Neuquén|Río Negro|Santa Cruz|Tierra del Fuego,25214,1493,0,PROXY por provincia — no equivale a región fitogeográfica Bosque Andino Patagónico
2010,provincias_patagonicas_5,Chubut|Neuquén|Río Negro|Santa Cruz|Tierra del Fuego,2549,196,0,PROXY por provincia — no equivale a región fitogeográfica Bosque Andino Patagónico
2011,provincias_patagonicas_5,Chubut|Neuquén|Río Negro|Santa Cruz|Tierra del Fuego,30367,1994,0,PROXY por provincia — no equivale a región fitogeográfica Bosque Andino Patagónico
2012,provincias_patagonicas_5,Chubut|Neuquén|Río Negro|Santa Cruz|Tierra del Fuego,46924,7654,0,PROXY por provincia — no equivale a región fitogeográfica Bosque Andino Patagónico
2013,provincias_patagonicas_5,Chubut|Neuquén|Río Negro|Santa Cruz|Tierra del Fuego,5802,1566,0,PROXY por provincia — no equivale a región fitogeográfica Bosque Andino Patagónico
2014,provincias_patagonicas_5,Chubut|Neuquén|Río Negro|Santa Cruz|Tierra del Fuego,50435,222,0,PROXY por provincia — no equivale a región fitogeográfica Bosque Andino Patagónico
2015,provincias_patagonicas_5,Chubut|Neuquén|Río Negro|Santa Cruz|Tierra del Fuego,166183,27038,0,PROXY por provincia — no equivale a región fitogeográfica Bosque Andino Patagónico
2016,provincias_patagonicas_5,Chubut|Neuquén|Río Negro|Santa Cruz|Tierra del Fuego,109130,6468,0,PROXY por provincia — no equivale a región fitogeográfica Bosque Andino Patagónico
2017,provincias_patagonicas_5,Chubut|Neuquén|Río Negro|Santa Cruz|Tierra del Fuego,68692,423,1,PROXY por provincia — no equivale a región fitogeográfica Bosque Andino Patagónico
2018,provincias_patagonicas_5,Chubut|Neuquén|Río Negro|Santa Cruz|Tierra del Fuego,7803,1209,0,PROXY por provincia — no equivale a región fitogeográfica Bosque Andino Patagónico
2019,provincias_patagonicas_5,Chubut|Neuquén|Río Negro|Santa Cruz|Tierra del Fuego,9997,1001,0,PROXY por provincia — no equivale a región fitogeográfica Bosque Andino Patagónico
2020,provincias_patagonicas_5,Chubut|Neuquén|Río Negro|Santa Cruz|Tierra del Fuego,27476,18,0,PROXY por provincia — no equivale a región fitogeográfica Bosque Andino Patagónico
2021,provincias_patagonicas_5,Chubut|Neuquén|Río Negro|Santa Cruz|Tierra del Fuego,14954,1555,0,PROXY por provincia — no equivale a región fitogeográfica Bosque Andino Patagónico
2022,provincias_patagonicas_5,Chubut|Neuquén|Río Negro|Santa Cruz|Tierra del Fuego,8750,7428,1,PROXY por provincia — no equivale a región fitogeográfica Bosque Andino Patagónico
2023,provincias_patagonicas_5,Chubut|Neuquén|Río Negro|Santa Cruz|Tierra del Fuego,4651,490,0,PROXY por provincia — no equivale a región fitogeográfica Bosque Andino Patagónico
2024,provincias_patagonicas_5,Chubut|Neuquén|Río Negro|Santa Cruz|Tierra del Fuego,10888,5520,1,PROXY por provincia — no equivale a región fitogeográfica Bosque Andino Patagónico
