"año";"jurisdicción";"unidad";"superficie_total_incendiada";"superficie_afectada_por_incendios_bosque_nativo"
"1993";"Buenos Aires";"hectáreas";"-";"-"
"1993";"Catamarca";"hectáreas";"-";"-"
"1993";"Chaco";"hectáreas";"-";"-"
"1993";"Chubut";"hectáreas";"150";"10"
"1993";"Córdoba";"hectáreas";"232941";"59995"
"1993";"Corrientes";"hectáreas";"1727";"-"
"1993";"Entre Ríos";"hectáreas";"75";"75"
"1993";"Formosa";"hectáreas";"31";"-"
"1993";"Jujuy";"hectáreas";"-";"-"
"1993";"La Pampa";"hectáreas";"1207510";"1207510"
"1993";"La Rioja";"hectáreas";"-";"-"
"1993";"Mendoza";"hectáreas";"-";"-"
"1993";"Misiones";"hectáreas";"-";"-"
"1993";"Neuquén";"hectáreas";"341";"282"
"1993";"Río Negro";"hectáreas";"111";"108"
"1993";"Salta";"hectáreas";"-";"-"
"1993";"San Juan";"hectáreas";"-";"-"
"1993";"San Luis";"hectáreas";"330147";"-"
"1993";"Santa Cruz";"hectáreas";"6351";"727"
"1993";"Santa Fe";"hectáreas";"-";"-"
"1993";"Santiago del Estero";"hectáreas";"13000";"9100"
"1993";"Tierra del Fuego";"hectáreas";"28";"28"
"1993";"Tucumán";"hectáreas";"4412";"3703"
"1994";"Buenos Aires";"hectáreas";"-";"-"
"1994";"Catamarca";"hectáreas";"-";"-"
"1994";"Chaco";"hectáreas";"-";"-"
"1994";"Chubut";"hectáreas";"3297";"2158"
"1994";"Córdoba";"hectáreas";"240196";"187812"
"1994";"Corrientes";"hectáreas";"140";"-"
"1994";"Entre Ríos";"hectáreas";"91";"91"
"1994";"Formosa";"hectáreas";"9";"-"
"1994";"Jujuy";"hectáreas";"-";"-"
"1994";"La Pampa";"hectáreas";"621840";"167890"
"1994";"La Rioja";"hectáreas";"47150";"10600"
"1994";"Mendoza";"hectáreas";"-";"-"
"1994";"Misiones";"hectáreas";"-";"-"
"1994";"Neuquén";"hectáreas";"18050";"0"
"1994";"Río Negro";"hectáreas";"3271";"3063"
"1994";"Salta";"hectáreas";"-";"-"
"1994";"San Juan";"hectáreas";"-";"-"
"1994";"San Luis";"hectáreas";"25513";"-"
"1994";"Santa Cruz";"hectáreas";"1684";"43"
"1994";"Santa Fe";"hectáreas";"-";"-"
"1994";"Santiago del Estero";"hectáreas";"50000";"35000"
"1994";"Tierra del Fuego";"hectáreas";"320";"68"
"1994";"Tucumán";"hectáreas";"65";"-"
"1995";"Buenos Aires";"hectáreas";"3000";"-"
"1995";"Catamarca";"hectáreas";"-";"-"
"1995";"Chaco";"hectáreas";"-";"-"
"1995";"Chubut";"hectáreas";"3073";"983"
"1995";"Córdoba";"hectáreas";"300639";"122260"
"1995";"Corrientes";"hectáreas";"7899";"-"
"1995";"Entre Ríos";"hectáreas";"2269";"-"
"1995";"Formosa";"hectáreas";"500";"500"
"1995";"Jujuy";"hectáreas";"-";"-"
"1995";"La Pampa";"hectáreas";"148720";"148720"
"1995";"La Rioja";"hectáreas";"4514";"2"
"1995";"Mendoza";"hectáreas";"-";"-"
"1995";"Misiones";"hectáreas";"-";"-"
"1995";"Neuquén";"hectáreas";"20354";"1125"
"1995";"Río Negro";"hectáreas";"9732";"123"
"1995";"Salta";"hectáreas";"660";"255"
"1995";"San Juan";"hectáreas";"-";"-"
"1995";"San Luis";"hectáreas";"196312";"75311"
"1995";"Santa Cruz";"hectáreas";"5695";"-"
"1995";"Santa Fe";"hectáreas";"-";"-"
"1995";"Santiago del Estero";"hectáreas";"27294";"13919"
"1995";"Tierra del Fuego";"hectáreas";"216";"3"
"1995";"Tucumán";"hectáreas";"69";"23"
"1996";"Buenos Aires";"hectáreas";"950";"-"
"1996";"Catamarca";"hectáreas";"148709";"68728"
"1996";"Chaco";"hectáreas";"6184";"2540"
"1996";"Chubut";"hectáreas";"11457";"9640"
"1996";"Córdoba";"hectáreas";"49812";"43325"
"1996";"Corrientes";"hectáreas";"6981";"-"
"1996";"Entre Ríos";"hectáreas";"1556";"449"
"1996";"Formosa";"hectáreas";"4530";"-"
"1996";"Jujuy";"hectáreas";"1980";"1800"
"1996";"La Pampa";"hectáreas";"20600";"20600"
"1996";"La Rioja";"hectáreas";"975";"770"
"1996";"Mendoza";"hectáreas";"6615";"2500"
"1996";"Misiones";"hectáreas";"5305";"2430"
"1996";"Neuquén";"hectáreas";"70258";"10"
"1996";"Río Negro";"hectáreas";"33743";"3337"
"1996";"Salta";"hectáreas";"2391";"815"
"1996";"San Luis";"hectáreas";"15370";"15370"
"1996";"Santa Cruz";"hectáreas";"2856";"39"
"1996";"Santa Fe";"hectáreas";"49038";"465"
"1996";"Santiago del Estero";"hectáreas";"1750";"1500"
"1996";"Tierra del Fuego";"hectáreas";"105";"93"
"1996";"Tucumán";"hectáreas";"32";"-"
"1997";"Buenos Aires";"hectáreas";"3902";"489"
"1997";"Catamarca";"hectáreas";"45900";"-"
"1997";"Chaco";"hectáreas";"7660";"2711"
"1997";"Chubut";"hectáreas";"3622";"151"
"1997";"Córdoba";"hectáreas";"39517";"22213"
"1997";"Corrientes";"hectáreas";"424";"58"
"1997";"Entre Ríos";"hectáreas";"857";"163"
"1997";"Formosa";"hectáreas";"2686";"-"
"1997";"Jujuy";"hectáreas";"274";"-"
"1997";"La Pampa";"hectáreas";"31780";"31770"
"1997";"La Rioja";"hectáreas";"25003";"-"
"1997";"Mendoza";"hectáreas";"4100";"2450"
"1997";"Misiones";"hectáreas";"2160";"54"
"1997";"Neuquén";"hectáreas";"17280";"40"
"1997";"Río Negro";"hectáreas";"10482";"5154"
"1997";"Salta";"hectáreas";"40185";"23694"
"1997";"San Juan";"hectáreas";"439";"-"
"1997";"San Luis";"hectáreas";"6436";"2112"
"1997";"Santa Cruz";"hectáreas";"21381";"-"
"1997";"Santa Fe";"hectáreas";"492";"40"
"1997";"Santiago del Estero";"hectáreas";"8000";"500"
"1997";"Tierra del Fuego";"hectáreas";"148";"23"
"1997";"Tucumán";"hectáreas";"1321";"-"
"1998";"Buenos Aires";"hectáreas";"38971";"401"
"1998";"Catamarca";"hectáreas";"2100";"500"
"1998";"Chaco";"hectáreas";"14726";"-"
"1998";"Chubut";"hectáreas";"7672";"4045"
"1998";"Córdoba";"hectáreas";"20504";"8817"
"1998";"Corrientes";"hectáreas";"315";"-"
"1998";"Entre Ríos";"hectáreas";"461";"8"
"1998";"Formosa";"hectáreas";"711";"-"
"1998";"Jujuy";"hectáreas";"499";"449"
"1998";"La Pampa";"hectáreas";"389740";"137265"
"1998";"La Rioja";"hectáreas";"21012";"1802"
"1998";"Mendoza";"hectáreas";"111460";"12403"
"1998";"Misiones";"hectáreas";"5514";"286"
"1998";"Neuquén";"hectáreas";"12393";"68"
"1998";"Río Negro";"hectáreas";"82699";"9384"
"1998";"Salta";"hectáreas";"23042";"14024"
"1998";"San Juan";"hectáreas";"264";"-"
"1998";"San Luis";"hectáreas";"146637";"87015"
"1998";"Santa Cruz";"hectáreas";"3483";"-"
"1998";"Santa Fe";"hectáreas";"535";"-"
"1998";"Santiago del Estero";"hectáreas";"2709";"940"
"1998";"Tierra del Fuego";"hectáreas";"534";"53"
"1999";"Buenos Aires";"hectáreas";"41574";"1028"
"1999";"Catamarca";"hectáreas";"1300";"-"
"1999";"Chaco";"hectáreas";"9381";"406"
"1999";"Chubut";"hectáreas";"27438";"8904"
"1999";"Córdoba";"hectáreas";"59933";"22306"
"1999";"Corrientes";"hectáreas";"8176";"12"
"1999";"Entre Ríos";"hectáreas";"20237";"7118"
"1999";"Formosa";"hectáreas";"6240";"-"
"1999";"Jujuy";"hectáreas";"329";"43"
"1999";"La Pampa";"hectáreas";"77270";"34830"
"1999";"La Rioja";"hectáreas";"67025";"3"
"1999";"Mendoza";"hectáreas";"67239";"26247"
"1999";"Misiones";"hectáreas";"3675";"1476"
"1999";"Neuquén";"hectáreas";"128756";"323"
"1999";"Río Negro";"hectáreas";"59385";"10871"
"1999";"Salta";"hectáreas";"14835";"5865"
"1999";"San Juan";"hectáreas";"1084";"-"
"1999";"San Luis";"hectáreas";"87157";"34729"
"1999";"Santa Cruz";"hectáreas";"19098";"16"
"1999";"Santa Fe";"hectáreas";"364";"44"
"1999";"Santiago del Estero";"hectáreas";"1200";"300"
"1999";"Tierra del Fuego";"hectáreas";"214";"89"
"1999";"Tucumán";"hectáreas";"2818";"-"
"2000";"Buenos Aires";"hectáreas";"17927";"1116"
"2000";"Catamarca";"hectáreas";"77233";"27000"
"2000";"Chaco";"hectáreas";"2639";"169"
"2000";"Chubut";"hectáreas";"134";"27"
"2000";"Ciudad Autónoma de Buenos Aires";"hectáreas";"32";"2"
"2000";"Córdoba";"hectáreas";"89920";"20638"
"2000";"Corrientes";"hectáreas";"6014";"12"
"2000";"Entre Ríos";"hectáreas";"1175";"646"
"2000";"Formosa";"hectáreas";"732";"-"
"2000";"Jujuy";"hectáreas";"1167";"18"
"2000";"La Pampa";"hectáreas";"1411981";"290154"
"2000";"La Rioja";"hectáreas";"52178";"10880"
"2000";"Mendoza";"hectáreas";"609834";"385779"
"2000";"Misiones";"hectáreas";"3862";"161"
"2000";"Neuquén";"hectáreas";"15181";"0"
"2000";"Río Negro";"hectáreas";"155753";"27619"
"2000";"Salta";"hectáreas";"30793";"15533"
"2000";"San Juan";"hectáreas";"804";"-"
"2000";"San Luis";"hectáreas";"299556";"149100"
"2000";"Santa Cruz";"hectáreas";"7378";"122"
"2000";"Santa Fe";"hectáreas";"2087";"128"
"2000";"Santiago del Estero";"hectáreas";"4732";"2730"
"2000";"Tierra del Fuego";"hectáreas";"22";"22"
"2000";"Tucumán";"hectáreas";"15800";"11800"
"2001";"Buenos Aires";"hectáreas";"75570";"19998"
"2001";"Catamarca";"hectáreas";"1916";"-"
"2001";"Chaco";"hectáreas";"6289";"55"
"2001";"Chubut";"hectáreas";"5885";"4425"
"2001";"Ciudad Autónoma de Buenos Aires";"hectáreas";"16";"-"
"2001";"Córdoba";"hectáreas";"83173";"19234"
"2001";"Corrientes";"hectáreas";"2824";"762"
"2001";"Entre Ríos";"hectáreas";"481";"67"
"2001";"Formosa";"hectáreas";"5596";"-"
"2001";"Jujuy";"hectáreas";"134";"-"
"2001";"La Pampa";"hectáreas";"2913817";"579124"
"2001";"La Rioja";"hectáreas";"65038";"7400"
"2001";"Mendoza";"hectáreas";"420340";"241056"
"2001";"Misiones";"hectáreas";"2924";"156"
"2001";"Neuquén";"hectáreas";"22552";"0"
"2001";"Río Negro";"hectáreas";"938045";"35393"
"2001";"Salta";"hectáreas";"47611";"11442"
"2001";"San Juan";"hectáreas";"575";"1"
"2001";"San Luis";"hectáreas";"90105";"54655"
"2001";"Santa Cruz";"hectáreas";"4705";"501"
"2001";"Santa Fe";"hectáreas";"2399";"7"
"2001";"Santiago del Estero";"hectáreas";"1382";"1140"
"2001";"Tierra del Fuego";"hectáreas";"57";"57"
"2001";"Tucumán";"hectáreas";"600";"-"
"2002";"Buenos Aires";"hectáreas";"104907";"31433"
"2002";"Catamarca";"hectáreas";"43525";"9097"
"2002";"Chaco";"hectáreas";"145";"1"
"2002";"Chubut";"hectáreas";"7641";"156"
"2002";"Córdoba";"hectáreas";"104773";"25734"
"2002";"Corrientes";"hectáreas";"4025";"1046"
"2002";"Entre Ríos";"hectáreas";"496";"236"
"2002";"Formosa";"hectáreas";"9687";"4"
"2002";"Jujuy";"hectáreas";"140";"14"
"2002";"La Pampa";"hectáreas";"985793";"304458"
"2002";"La Rioja";"hectáreas";"78422";"40447"
"2002";"Mendoza";"hectáreas";"333430";"90002"
"2002";"Misiones";"hectáreas";"575";"49"
"2002";"Neuquén";"hectáreas";"8440";"940"
"2002";"Río Negro";"hectáreas";"333617";"80876"
"2002";"Salta";"hectáreas";"36516";"9682"
"2002";"San Juan";"hectáreas";"984";"14"
"2002";"San Luis";"hectáreas";"178112";"178102"
"2002";"Santa Cruz";"hectáreas";"9865";"4022"
"2002";"Santa Fe";"hectáreas";"2545";"429"
"2002";"Santiago del Estero";"hectáreas";"8018";"5774"
"2002";"Tierra del Fuego";"hectáreas";"23";"19"
"2002";"Tucumán";"hectáreas";"1049";"85"
"2003";"Buenos Aires";"hectáreas";"569736";"19536"
"2003";"Catamarca";"hectáreas";"11080";"6880"
"2003";"Chaco";"hectáreas";"16978";"1549"
"2003";"Chubut";"hectáreas";"44659";"41"
"2003";"Ciudad Autónoma de Buenos Aires";"hectáreas";"14";"-"
"2003";"Córdoba";"hectáreas";"127545";"51474"
"2003";"Corrientes";"hectáreas";"2132";"1109"
"2003";"Entre Ríos";"hectáreas";"1381";"400"
"2003";"Formosa";"hectáreas";"7586";"402"
"2003";"Jujuy";"hectáreas";"259";"20"
"2003";"La Pampa";"hectáreas";"853921";"418363"
"2003";"La Rioja";"hectáreas";"125968";"99233"
"2003";"Mendoza";"hectáreas";"612387";"115423"
"2003";"Misiones";"hectáreas";"4381";"5"
"2003";"Neuquén";"hectáreas";"17908";"111"
"2003";"Río Negro";"hectáreas";"448244";"48350"
"2003";"Salta";"hectáreas";"54857";"10660"
"2003";"San Juan";"hectáreas";"2659";"-"
"2003";"San Luis";"hectáreas";"217720";"217720"
"2003";"Santa Cruz";"hectáreas";"15494";"10145"
"2003";"Santa Fe";"hectáreas";"4421";"1256"
"2003";"Santiago del Estero";"hectáreas";"3474";"1933"
"2003";"Tierra del Fuego";"hectáreas";"0";"0"
"2003";"Tucumán";"hectáreas";"3563";"351"
"2004";"Buenos Aires";"hectáreas";"23706";"1538"
"2004";"Catamarca";"hectáreas";"2175";"1"
"2004";"Chaco";"hectáreas";"5257";"428"
"2004";"Chubut";"hectáreas";"2459";"637"
"2004";"Ciudad Autónoma de Buenos Aires";"hectáreas";"45";"0"
"2004";"Córdoba";"hectáreas";"11473";"4600"
"2004";"Corrientes";"hectáreas";"5159";"-"
"2004";"Entre Ríos";"hectáreas";"4133";"635"
"2004";"Formosa";"hectáreas";"2095";"-"
"2004";"Jujuy";"hectáreas";"9796";"1171"
"2004";"La Pampa";"hectáreas";"239678";"17875"
"2004";"La Rioja";"hectáreas";"18231";"9400"
"2004";"Mendoza";"hectáreas";"59759";"15766"
"2004";"Misiones";"hectáreas";"2417";"15"
"2004";"Neuquén";"hectáreas";"25380";"422"
"2004";"Río Negro";"hectáreas";"40425";"6288"
"2004";"Salta";"hectáreas";"64675";"11363"
"2004";"San Juan";"hectáreas";"856";"-"
"2004";"Santa Cruz";"hectáreas";"6451";"142"
"2004";"Santa Fe";"hectáreas";"27430";"1378"
"2004";"Santiago del Estero";"hectáreas";"7180";"4300"
"2004";"Tierra del Fuego";"hectáreas";"26";"21"
"2004";"Tucumán";"hectáreas";"968";"104"
"2005";"Buenos Aires";"hectáreas";"39799";"4171"
"2005";"Catamarca";"hectáreas";"31058";"-"
"2005";"Chaco";"hectáreas";"5143";"335"
"2005";"Chubut";"hectáreas";"5392";"999"
"2005";"Ciudad Autónoma de Buenos Aires";"hectáreas";"28";"-"
"2005";"Córdoba";"hectáreas";"16910";"3866"
"2005";"Corrientes";"hectáreas";"56595";"-"
"2005";"Entre Ríos";"hectáreas";"2714";"146"
"2005";"Formosa";"hectáreas";"7943";"-"
"2005";"Jujuy";"hectáreas";"3655";"850"
"2005";"La Pampa";"hectáreas";"313526";"58290"
"2005";"La Rioja";"hectáreas";"680";"639"
"2005";"Mendoza";"hectáreas";"64986";"6361"
"2005";"Misiones";"hectáreas";"8966";"1527"
"2005";"Neuquén";"hectáreas";"22962";"214"
"2005";"Río Negro";"hectáreas";"303279";"92277"
"2005";"Salta";"hectáreas";"61778";"10876"
"2005";"San Juan";"hectáreas";"996";"-"
"2005";"San Luis";"hectáreas";"22562";"22314"
"2005";"Santa Cruz";"hectáreas";"9398";"57"
"2005";"Santa Fe";"hectáreas";"1911";"15"
"2005";"Santiago del Estero";"hectáreas";"8000";"3300"
"2005";"Tierra del Fuego";"hectáreas";"17";"9"
"2005";"Tucumán";"hectáreas";"2951";"-"
"2006";"Buenos Aires";"hectáreas";"168086";"649"
"2006";"Catamarca";"hectáreas";"4856";"1"
"2006";"Chaco";"hectáreas";"37606";"15944"
"2006";"Chubut";"hectáreas";"331";"75"
"2006";"Córdoba";"hectáreas";"61769";"23498"
"2006";"Corrientes";"hectáreas";"7370";"-"
"2006";"Entre Ríos";"hectáreas";"4805";"345"
"2006";"Formosa";"hectáreas";"1691";"-"
"2006";"Jujuy";"hectáreas";"5875";"31"
"2006";"La Pampa";"hectáreas";"137390";"34170"
"2006";"La Rioja";"hectáreas";"7678";"7500"
"2006";"Mendoza";"hectáreas";"60500";"4906"
"2006";"Misiones";"hectáreas";"2956";"24"
"2006";"Neuquén";"hectáreas";"7665";"600"
"2006";"Río Negro";"hectáreas";"141791";"14222"
"2006";"Salta";"hectáreas";"41163";"8060"
"2006";"San Juan";"hectáreas";"656";"-"
"2006";"San Luis";"hectáreas";"20832";"8440"
"2006";"Santa Cruz";"hectáreas";"3126";"2"
"2006";"Santa Fe";"hectáreas";"3047";"100"
"2006";"Santiago del Estero";"hectáreas";"15000";"12300"
"2006";"Tierra del Fuego";"hectáreas";"1";"0"
"2006";"Tucumán";"hectáreas";"2147";"-"
"2007";"Buenos Aires";"hectáreas";"19106";"1392"
"2007";"Catamarca";"hectáreas";"24755";"-"
"2007";"Chaco";"hectáreas";"26213";"3559"
"2007";"Chubut";"hectáreas";"756";"47"
"2007";"Ciudad Autónoma de Buenos Aires";"hectáreas";"8";"-"
"2007";"Córdoba";"hectáreas";"11369";"4371"
"2007";"Corrientes";"hectáreas";"569";"25"
"2007";"Entre Ríos";"hectáreas";"549";"80"
"2007";"Formosa";"hectáreas";"3056";"16"
"2007";"Jujuy";"hectáreas";"1498";"39"
"2007";"La Pampa";"hectáreas";"22255";"7156"
"2007";"La Rioja";"hectáreas";"200";"19"
"2007";"Mendoza";"hectáreas";"16167";"1672"
"2007";"Misiones";"hectáreas";"296";"-"
"2007";"Neuquén";"hectáreas";"1154";"29"
"2007";"Río Negro";"hectáreas";"43545";"25"
"2007";"Salta";"hectáreas";"36809";"6993"
"2007";"San Juan";"hectáreas";"1346";"-"
"2007";"San Luis";"hectáreas";"25660";"4884"
"2007";"Santa Cruz";"hectáreas";"9024";"2"
"2007";"Santa Fe";"hectáreas";"2794";"98"
"2007";"Santiago del Estero";"hectáreas";"4545";"-"
"2007";"Tierra del Fuego";"hectáreas";"16";"2"
"2007";"Tucumán";"hectáreas";"862";"40"
"2008";"Buenos Aires";"hectáreas";"68824";"2083"
"2008";"Catamarca";"hectáreas";"12545";"2840"
"2008";"Chaco";"hectáreas";"2873";"718"
"2008";"Chubut";"hectáreas";"9287";"3459"
"2008";"Ciudad Autónoma de Buenos Aires";"hectáreas";"2";"0"
"2008";"Córdoba";"hectáreas";"61542";"15603"
"2008";"Corrientes";"hectáreas";"8053";"2880"
"2008";"Entre Ríos";"hectáreas";"77893";"2037"
"2008";"Formosa";"hectáreas";"4165";"30"
"2008";"Jujuy";"hectáreas";"2647";"191"
"2008";"La Pampa";"hectáreas";"97486";"41315"
"2008";"La Rioja";"hectáreas";"1017";"70"
"2008";"Mendoza";"hectáreas";"88527";"827"
"2008";"Misiones";"hectáreas";"1473";"83"
"2008";"Neuquén";"hectáreas";"872";"136"
"2008";"Río Negro";"hectáreas";"20349";"8"
"2008";"Salta";"hectáreas";"27391";"4428"
"2008";"San Juan";"hectáreas";"1123";"120"
"2008";"San Luis";"hectáreas";"24150";"3070"
"2008";"Santa Cruz";"hectáreas";"55299";"3"
"2008";"Santa Fe";"hectáreas";"5001";"234"
"2008";"Santiago del Estero";"hectáreas";"24633";"-"
"2008";"Tierra del Fuego";"hectáreas";"7395";"4846"
"2008";"Tucumán";"hectáreas";"245";"20"
"2009";"Buenos Aires";"hectáreas";"34078";"10032"
"2009";"Catamarca";"hectáreas";"54253";"7605"
"2009";"Chaco";"hectáreas";"3442";"875"
"2009";"Chubut";"hectáreas";"368";"107"
"2009";"Ciudad Autónoma de Buenos Aires";"hectáreas";"65";"5"
"2009";"Córdoba";"hectáreas";"70247";"21884"
"2009";"Corrientes";"hectáreas";"15560";"545"
"2009";"Entre Ríos";"hectáreas";"804";"-"
"2009";"Formosa";"hectáreas";"1378";"-"
"2009";"Jujuy";"hectáreas";"1668";"334"
"2009";"La Pampa";"hectáreas";"24926";"12386"
"2009";"La Rioja";"hectáreas";"3980";"100"
"2009";"Mendoza";"hectáreas";"25296";"244"
"2009";"Misiones";"hectáreas";"1478";"248"
"2009";"Neuquén";"hectáreas";"209";"30"
"2009";"Río Negro";"hectáreas";"14754";"1322"
"2009";"Salta";"hectáreas";"35051";"4555"
"2009";"San Juan";"hectáreas";"1165";"-"
"2009";"San Luis";"hectáreas";"486563";"37445"
"2009";"Santa Cruz";"hectáreas";"9848";"0"
"2009";"Santa Fe";"hectáreas";"3887";"22"
"2009";"Santiago del Estero";"hectáreas";"39540";"8090"
"2009";"Tierra del Fuego";"hectáreas";"35";"34"
"2009";"Tucumán";"hectáreas";"4993";"804"
"2010";"Buenos Aires";"hectáreas";"8671";"1451"
"2010";"Catamarca";"hectáreas";"15831";"564"
"2010";"Chaco";"hectáreas";"3917";"973"
"2010";"Chubut";"hectáreas";"1262";"176"
"2010";"Ciudad Autónoma de Buenos Aires";"hectáreas";"";"-"
"2010";"Córdoba";"hectáreas";"10305";"2233"
"2010";"Corrientes";"hectáreas";"820";"-"
"2010";"Entre Ríos";"hectáreas";"1692";"802"
"2010";"Jujuy";"hectáreas";"27145";"24461"
"2010";"La Pampa";"hectáreas";"18391";"1360"
"2010";"La Rioja";"hectáreas";"29271";"-"
"2010";"Mendoza";"hectáreas";"54196";"3712"
"2010";"Misiones";"hectáreas";"546";"3"
"2010";"Neuquén";"hectáreas";"595";"5"
"2010";"Río Negro";"hectáreas";"645";"8"
"2010";"Salta";"hectáreas";"3945";"379"
"2010";"San Juan";"hectáreas";"1087";"-"
"2010";"San Luis";"hectáreas";"32325";"9780"
"2010";"Santa Cruz";"hectáreas";"41";"4"
"2010";"Santa Fe";"hectáreas";"2767";"18"
"2010";"Santiago del Estero";"hectáreas";"5395";"1050"
"2010";"Tierra del Fuego";"hectáreas";"6";"3"
"2011";"Buenos Aires";"hectáreas";"3354";"229"
"2011";"Catamarca";"hectáreas";"12723";"4165"
"2011";"Chaco";"hectáreas";"8848";"2526"
"2011";"Chubut";"hectáreas";"4169";"1236"
"2011";"Ciudad Autónoma de Buenos Aires";"hectáreas";"8";"1"
"2011";"Córdoba";"hectáreas";"71293";"24569"
"2011";"Corrientes";"hectáreas";"5876";"-"
"2011";"Entre Ríos";"hectáreas";"2025";"34"
"2011";"Formosa";"hectáreas";"2415";"338"
"2011";"Jujuy";"hectáreas";"1342";"327"
"2011";"La Pampa";"hectáreas";"78022";"7300"
"2011";"La Rioja";"hectáreas";"1390";"-"
"2011";"Mendoza";"hectáreas";"10908";"427"
"2011";"Misiones";"hectáreas";"502";"15"
"2011";"Neuquén";"hectáreas";"10683";"671"
"2011";"Río Negro";"hectáreas";"15355";"5"
"2011";"Salta";"hectáreas";"1909";"167"
"2011";"San Juan";"hectáreas";"20136";"20"
"2011";"San Luis";"hectáreas";"18600";"4218"
"2011";"Santa Cruz";"hectáreas";"63";"2"
"2011";"Santa Fe";"hectáreas";"2490";"62"
"2011";"Santiago del Estero";"hectáreas";"10954";"7388"
"2011";"Tierra del Fuego";"hectáreas";"97";"80"
"2012";"Buenos Aires";"hectáreas";"98";"0"
"2012";"Catamarca";"hectáreas";"4651";"4"
"2012";"Chaco";"hectáreas";"7771";"4317"
"2012";"Chubut";"hectáreas";"4698";"3306"
"2012";"Ciudad Autónoma de Buenos Aires";"hectáreas";"0";"0"
"2012";"Córdoba";"hectáreas";"11130";"4036"
"2012";"Corrientes";"hectáreas";"3557";"-"
"2012";"Entre Ríos";"hectáreas";"2423";"1591"
"2012";"Formosa";"hectáreas";"5959";"-"
"2012";"Jujuy";"hectáreas";"8675";"1503"
"2012";"La Pampa";"hectáreas";"30202";"14644"
"2012";"La Rioja";"hectáreas";"391";"6"
"2012";"Mendoza";"hectáreas";"7006";"260"
"2012";"Misiones";"hectáreas";"2143";"220"
"2012";"Neuquén";"hectáreas";"16058";"397"
"2012";"Río Negro";"hectáreas";"3093";"376"
"2012";"Salta";"hectáreas";"1798";"115"
"2012";"San Juan";"hectáreas";"636";"3"
"2012";"San Luis";"hectáreas";"50201";"5841"
"2012";"Santa Cruz";"hectáreas";"20499";"1000"
"2012";"Santa Fe";"hectáreas";"2531";"5"
"2012";"Santiago del Estero";"hectáreas";"8970";"5510"
"2012";"Tierra del Fuego";"hectáreas";"2576";"2575"
"2012";"Tucumán";"hectáreas";"1992";"58"
"2013";"Buenos Aires";"hectáreas";"1968";"38"
"2013";"Catamarca";"hectáreas";"6507";"159"
"2013";"Chaco";"hectáreas";"8852";"710"
"2013";"Chubut";"hectáreas";"107";"69"
"2013";"Ciudad Autónoma de Buenos Aires";"hectáreas";"32";"-"
"2013";"Córdoba";"hectáreas";"105179";"25620"
"2013";"Corrientes";"hectáreas";"1103";"154"
"2013";"Entre Ríos";"hectáreas";"11840";"1185"
"2013";"Formosa";"hectáreas";"11293";"764"
"2013";"Jujuy";"hectáreas";"32042";"18308"
"2013";"La Pampa";"hectáreas";"83360";"44756"
"2013";"La Rioja";"hectáreas";"506";"-"
"2013";"Mendoza";"hectáreas";"77018";"1776"
"2013";"Misiones";"hectáreas";"870";"8"
"2013";"Neuquén";"hectáreas";"2449";"1432"
"2013";"Río Negro";"hectáreas";"1732";"61"
"2013";"Salta";"hectáreas";"18146";"-"
"2013";"San Juan";"hectáreas";"452";"80"
"2013";"San Luis";"hectáreas";"54693";"1617"
"2013";"Santa Cruz";"hectáreas";"1504";"1"
"2013";"Santa Fe";"hectáreas";"2478";"132"
"2013";"Santiago del Estero";"hectáreas";"6062";"3270"
"2013";"Tierra del Fuego";"hectáreas";"10";"3"
"2013";"Tucumán";"hectáreas";"6429";"104"
"2014";"Buenos Aires";"hectáreas";"66104";"4882"
"2014";"Catamarca";"hectáreas";"10367";"3"
"2014";"Chaco";"hectáreas";"5245";"72"
"2014";"Chubut";"hectáreas";"148";"1"
"2014";"Ciudad Autónoma de Buenos Aires";"hectáreas";"0";"-"
"2014";"Córdoba";"hectáreas";"4196";"-"
"2014";"Corrientes";"hectáreas";"1640";"54"
"2014";"Entre Ríos";"hectáreas";"1536";"517"
"2014";"Formosa";"hectáreas";"7821";"11"
"2014";"Jujuy";"hectáreas";"1448";"21"
"2014";"La Pampa";"hectáreas";"490635";"143009"
"2014";"La Rioja";"hectáreas";"1814";"-"
"2014";"Mendoza";"hectáreas";"66156";"2810"
"2014";"Misiones";"hectáreas";"959";"32"
"2014";"Neuquén";"hectáreas";"627";"31"
"2014";"Río Negro";"hectáreas";"49374";"4"
"2014";"Salta";"hectáreas";"1615";"12"
"2014";"San Juan";"hectáreas";"566";"-"
"2014";"San Luis";"hectáreas";"52493";"2530"
"2014";"Santa Cruz";"hectáreas";"277";"185"
"2014";"Santa Fe";"hectáreas";"739";"-"
"2014";"Santiago del Estero";"hectáreas";"1471";"27"
"2014";"Tierra del Fuego";"hectáreas";"9";"1"
"2014";"Tucumán";"hectáreas";"120";"-"
"2015";"Buenos Aires";"hectáreas";"5730";"173"
"2015";"Catamarca";"hectáreas";"10852";"8"
"2015";"Chaco";"hectáreas";"4220";"25"
"2015";"Chubut";"hectáreas";"40347";"26987"
"2015";"Ciudad Autónoma de Buenos Aires";"hectáreas";"6";"-"
"2015";"Córdoba";"hectáreas";"1280";"720"
"2015";"Corrientes";"hectáreas";"12227";"-"
"2015";"Entre Ríos";"hectáreas";"1530";"503"
"2015";"Formosa";"hectáreas";"794";"6"
"2015";"Jujuy";"hectáreas";"1908";"49"
"2015";"La Pampa";"hectáreas";"213804";"92782"
"2015";"La Rioja";"hectáreas";"511";"-"
"2015";"Mendoza";"hectáreas";"19788";"1026"
"2015";"Misiones";"hectáreas";"378";"-"
"2015";"Neuquén";"hectáreas";"20564";"1"
"2015";"Río Negro";"hectáreas";"105108";"47"
"2015";"Salta";"hectáreas";"1094";"34"
"2015";"San Juan";"hectáreas";"591";"-"
"2015";"San Luis";"hectáreas";"33198";"3555"
"2015";"Santa Cruz";"hectáreas";"159";"1"
"2015";"Santa Fe";"hectáreas";"1177";"127"
"2015";"Santiago del Estero";"hectáreas";"1975";"591"
"2015";"Tierra del Fuego";"hectáreas";"5";"2"
"2015";"Tucumán";"hectáreas";"115";"-"
"2016";"Buenos Aires";"hectáreas";"59296";"2059"
"2016";"Catamarca";"hectáreas";"27496";"1396"
"2016";"Chaco";"hectáreas";"9129";"15"
"2016";"Chubut";"hectáreas";"9552";"6327"
"2016";"Ciudad Autónoma de Buenos Aires";"hectáreas";"1";"-"
"2016";"Córdoba";"hectáreas";"3541";"317"
"2016";"Corrientes";"hectáreas";"9980";"1400"
"2016";"Entre Ríos";"hectáreas";"3030";"1126"
"2016";"Formosa";"hectáreas";"615";"-"
"2016";"Jujuy";"hectáreas";"2010";"471"
"2016";"La Pampa";"hectáreas";"615182";"157250"
"2016";"La Rioja";"hectáreas";"334";"-"
"2016";"Mendoza";"hectáreas";"93529";"4499"
"2016";"Misiones";"hectáreas";"2665";"30"
"2016";"Neuquén";"hectáreas";"38356";"38"
"2016";"Río Negro";"hectáreas";"60176";"67"
"2016";"Salta";"hectáreas";"4666";"311"
"2016";"San Juan";"hectáreas";"2100";"-"
"2016";"San Luis";"hectáreas";"97861";"123"
"2016";"Santa Cruz";"hectáreas";"1036";"31"
"2016";"Santa Fe";"hectáreas";"1107";"102"
"2016";"Santiago del Estero";"hectáreas";"1675";"34"
"2016";"Tierra del Fuego";"hectáreas";"10";"5"
"2016";"Tucumán";"hectáreas";"90";"-"
"2017";"Buenos Aires";"hectáreas";"7696";"231"
"2017";"Catamarca";"hectáreas";"45170";"1"
"2017";"Chaco";"hectáreas";"4924";"1243"
"2017";"Chubut";"hectáreas";"521";"187"
"2017";"Ciudad Autónoma de Buenos Aires";"hectáreas";"0";"-"
"2017";"Córdoba";"hectáreas";"45343";"11922"
"2017";"Corrientes";"hectáreas";"2388";"256"
"2017";"Entre Ríos";"hectáreas";"372";"47"
"2017";"Formosa";"hectáreas";"1343";"-"
"2017";"Jujuy";"hectáreas";"2106";"584"
"2017";"La Pampa";"hectáreas";"964408";"455175"
"2017";"La Rioja";"hectáreas";"734";"-"
"2017";"Mendoza";"hectáreas";"418799";"78524"
"2017";"Misiones";"hectáreas";"1775";"-"
"2017";"Neuquén";"hectáreas";"6787";"228"
"2017";"Río Negro";"hectáreas";"61076";"6"
"2017";"Salta";"hectáreas";"4477";"102"
"2017";"San Juan";"hectáreas";"12022";"-"
"2017";"San Luis";"hectáreas";"39";"-"
"2017";"Santa Cruz";"hectáreas";"303";"-"
"2017";"Santa Fe";"hectáreas";"1303";"75"
"2017";"Santiago del Estero";"hectáreas";"1784";"10"
"2017";"Tierra del Fuego";"hectáreas";"5";"2"
"2017";"Tucumán";"hectáreas";"178";"21"
"2018";"Buenos Aires";"hectáreas";"86852";"2419"
"2018";"Catamarca";"hectáreas";"6993";"71"
"2018";"Chaco";"hectáreas";"3067";"79"
"2018";"Chubut";"hectáreas";"100";"2"
"2018";"Ciudad Autónoma de Buenos Aires";"hectáreas";"0";"-"
"2018";"Córdoba";"hectáreas";"20826";"2549"
"2018";"Corrientes";"hectáreas";"434";"49"
"2018";"Entre Ríos";"hectáreas";"4899";"3369"
"2018";"Formosa";"hectáreas";"551";"-"
"2018";"Jujuy";"hectáreas";"842";"134"
"2018";"La Pampa";"hectáreas";"723262";"228360"
"2018";"La Rioja";"hectáreas";"303";"-"
"2018";"Mendoza";"hectáreas";"126316";"8672"
"2018";"Misiones";"hectáreas";"766";"-"
"2018";"Neuquén";"hectáreas";"2826";"1046"
"2018";"Río Negro";"hectáreas";"4688";"69"
"2018";"Salta";"hectáreas";"1306";"-"
"2018";"San Juan";"hectáreas";"606";"11"
"2018";"San Luis";"hectáreas";"39";"-"
"2018";"Santa Fe";"hectáreas";"1686";"116"
"2018";"Tierra del Fuego";"hectáreas";"189";"92"
"2018";"Tucumán";"hectáreas";"1802";"0"
"2019";"Buenos Aires";"hectáreas";"301588";"44"
"2019";"Catamarca";"hectáreas";"11806";"51"
"2019";"Chubut";"hectáreas";"4254";"10"
"2019";"Ciudad Autónoma de Buenos Aires";"hectáreas";"0";"0"
"2019";"Córdoba";"hectáreas";"20936";"2775"
"2019";"Corrientes";"hectáreas";"477";"147"
"2019";"Entre Ríos";"hectáreas";"953";"73"
"2019";"Formosa";"hectáreas";"2745";"0"
"2019";"Jujuy";"hectáreas";"5329";"1032"
"2019";"La Pampa";"hectáreas";"169230";"99182"
"2019";"La Rioja";"hectáreas";"34";"0"
"2019";"Mendoza";"hectáreas";"59873";"3354"
"2019";"Misiones";"hectáreas";"799";"45"
"2019";"Río Negro";"hectáreas";"388";"66"
"2019";"Salta";"hectáreas";"1156";"0"
"2019";"San Juan";"hectáreas";"1099";"21"
"2019";"San Luis";"hectáreas";"68111";"68111"
"2019";"Santa Cruz";"hectáreas";"5166";"0"
"2019";"Santa Fe";"hectáreas";"1164";"30"
"2019";"Santiago del Estero";"hectáreas";"1997";"0"
"2019";"Tierra del Fuego";"hectáreas";"189";"925"
"2020";"Buenos Aires";"hectáreas";"144029";"36"
"2020";"Catamarca";"hectáreas";"21610";"16"
"2020";"Chaco";"hectáreas";"27932";"0"
"2020";"Chubut";"hectáreas";"931";"6"
"2020";"Ciudad Autónoma de Buenos Aires";"hectáreas";"9";"0"
"2020";"Córdoba";"hectáreas";"208443";"45997"
"2020";"Entre Ríos";"hectáreas";"321604";"306"
"2020";"Formosa";"hectáreas";"73770";"0"
"2020";"Jujuy";"hectáreas";"38909";"30440"
"2020";"La Pampa";"hectáreas";"91978";"17445"
"2020";"La Rioja";"hectáreas";"2398";"0"
"2020";"Mendoza";"hectáreas";"35740";"4854"
"2020";"Misiones";"hectáreas";"2728";"443"
"2020";"Neuquén";"hectáreas";"25878";"1"
"2020";"Río Negro";"hectáreas";"162";"10"
"2020";"Salta";"hectáreas";"43594";"196"
"2020";"San Juan";"hectáreas";"1352";"18"
"2020";"San Luis";"hectáreas";"113837";"40933"
"2020";"Santa Cruz";"hectáreas";"504";"0"
"2020";"Santa Fe";"hectáreas";"1284";"1"
"2020";"Santiago del Estero";"hectáreas";"4327";"3"
"2020";"Tierra del Fuego";"hectáreas";"1";"1"
"2020";"Tucumán";"hectáreas";"11384";"548"
"2021";"Buenos Aires";"hectáreas";"7093";"45"
"2021";"Catamarca";"hectáreas";"13783";"2010"
"2021";"Chaco";"hectáreas";"3097";"306"
"2021";"Chubut";"hectáreas";"3521";"26"
"2021";"Ciudad Autónoma de Buenos Aires";"hectáreas";"0";"0"
"2021";"Córdoba";"hectáreas";"63354";"32063"
"2021";"Corrientes";"hectáreas";"8897";"0"
"2021";"Entre Ríos";"hectáreas";"138793";"117"
"2021";"Formosa";"hectáreas";"340563";"0"
"2021";"Jujuy";"hectáreas";"6271";"3296"
"2021";"La Pampa";"hectáreas";"33490";"8885"
"2021";"La Rioja";"hectáreas";"21137";"7007"
"2021";"Mendoza";"hectáreas";"3119";"27"
"2021";"Misiones";"hectáreas";"1519";"251"
"2021";"Neuquén";"hectáreas";"5848";"1415"
"2021";"Río Negro";"hectáreas";"104";"1"
"2021";"Salta";"hectáreas";"12431";"0"
"2021";"San Juan";"hectáreas";"710";"0"
"2021";"San Luis";"hectáreas";"51873";"61"
"2021";"Santa Cruz";"hectáreas";"5399";"107"
"2021";"Santa Fe";"hectáreas";"185";"103"
"2021";"Santiago del Estero";"hectáreas";"2219";"60"
"2021";"Tierra del Fuego";"hectáreas";"82";"6"
"2021";"Tucumán";"hectáreas";"3455";"188"
"2022";"Buenos Aires";"hectáreas";"142";"-"
"2022";"Catamarca";"hectáreas";"29269";"982"
"2022";"Chaco";"hectáreas";"6094";"-"
"2022";"Chubut";"hectáreas";"93";"48"
"2022";"Ciudad Autónoma de Buenos Aires";"hectáreas";"0";"-"
"2022";"Córdoba";"hectáreas";"64232";"8710"
"2022";"Corrientes";"hectáreas";"88831";"-"
"2022";"Entre Ríos";"hectáreas";"238942";"430"
"2022";"Formosa";"hectáreas";"176388";"-"
"2022";"Jujuy";"hectáreas";"18519";"6047"
"2022";"La Pampa";"hectáreas";"214249";"62717"
"2022";"La Rioja";"hectáreas";"36954";"12215"
"2022";"Mendoza";"hectáreas";"43826";"3890"
"2022";"Misiones";"hectáreas";"1958";"200"
"2022";"Neuquén";"hectáreas";"26";"0"
"2022";"Río Negro";"hectáreas";"9";"0"
"2022";"Salta";"hectáreas";"199267";"111"
"2022";"San Juan";"hectáreas";"4678";"86"
"2022";"San Luis";"hectáreas";"68459";"39667"
"2022";"Santa Cruz";"hectáreas";"422";"-"
"2022";"Santa Fe";"hectáreas";"44516";"430"
"2022";"Santiago del Estero";"hectáreas";"18932";"-"
"2022";"Tierra del Fuego";"hectáreas";"8200";"7380"
"2022";"Tucumán";"hectáreas";"27862";"1216"
"2023";"Buenos Aires";"hectáreas";"4523";"-"
"2023";"Catamarca";"hectáreas";"10166";"20"
"2023";"Chaco";"hectáreas";"1728";"-"
"2023";"Chubut";"hectáreas";"630";"203"
"2023";"Ciudad Autónoma de Buenos Aires";"hectáreas";"46";"-"
"2023";"Córdoba";"hectáreas";"34445";"6723"
"2023";"Corrientes";"hectáreas";"42881";"-"
"2023";"Entre Ríos";"hectáreas";"22842";"5601"
"2023";"Formosa";"hectáreas";"2623";"92"
"2023";"Jujuy";"hectáreas";"1383";"210"
"2023";"La Pampa";"hectáreas";"90990";"24110"
"2023";"La Rioja";"hectáreas";"10438";"57"
"2023";"Mendoza";"hectáreas";"91198";"11453"
"2023";"Misiones";"hectáreas";"64";"1"
"2023";"Neuquén";"hectáreas";"31";"0"
"2023";"Río Negro";"hectáreas";"3697";"269"
"2023";"Salta";"hectáreas";"3117";"-"
"2023";"San Juan";"hectáreas";"4203";"-"
"2023";"San Luis";"hectáreas";"158178";"106643"
"2023";"Santa Cruz";"hectáreas";"270";"2"
"2023";"Santa Fe";"hectáreas";"136";"-"
"2023";"Santiago del Estero";"hectáreas";"5000";"-"
"2023";"Tierra del Fuego";"hectáreas";"23";"16"
"2023";"Tucumán";"hectáreas";"3901";"452"